"TIPO_DE_ART","DISPONIBILIDAD","REQUERIMIENTO"
"DESKTOP","NO","EQUIPO PUE"
"DESKTOP","NO","EQUIPO PUE"
"DESKTOP","NO","WYSE"
"DESKTOP","NO","WYSE"
"DESKTOP","NO","EQUIPO PUE"
"DESKTOP","NO","EQUIPO PUE"
"CONVERTIDOR DISPLAY ","NO","EQUIPO PUE"
"CONVERTIDOR DISPLAY ","NO","EQUIPO PUE"
"MOUSE GENIUS XCROLL ","NO","EQUIPO PUE"
"MOUSE GENIUS XCROLL ","NO","EQUIPO PUE"
"TECLADO GENIUS USB","NO","IMPRESORA "
"TECLADO GENIUS USB","NO","KIT PDA"
"CONVERTIDOR HDMI A V","NO","EQUIPO PUE"
"CONVERTIDOR HDMI A V","NO","BIOMETRICO"
"CABLE HDMI","NO","EQUIPO PUE"
"CABLE HDMI","NO","IMPRESORA "
"DIADEMA USB","NO","SCANNER "
"DIADEMA USB","NO","BIOMETRICO"
"TECLADO GENIUS USB","NO","EQUIPO PUE"
"TECLADO GENIUS USB","NO","BIOMETRICO"
"MONITOR 19""","NO","EQUIPO PUE"
"MONITOR 19""","NO","BIOMETRICO"
"DIADEMA USB","NO","WYSE"
"DIADEMA USB","NO","EQUIPO PUE"
"CABLE HDMI","NO","PDA"
"CABLE HDMI","NO","SCANNER "
"DIADEMA USB","NO","IMPRESORA "
"DIADEMA USB","NO","EQUIPO PUE"
"MOUSE GENIUS XCROLL ","NO","PDA"
"MOUSE GENIUS XCROLL ","NO","EQUIPO PUE"
"TECLADO GENIUS USB","NO","IMPRESORA "
"TECLADO GENIUS USB","NO","EQUIPO PUE"
"MONITOR 19""","NO","EQUIPO PUE"
"MONITOR 19""","NO","EQUIPO DE "
"DIADEMA USB","NO","EQUIPO DE "
"DIADEMA USB","NO","EQUIPO DE "
"ALMOHADILLAS PARA DI","NO","EQUIPO DE "
"ALMOHADILLAS PARA DI","NO","EQUIPO DE "
"DIADEMA USB","NO","EQUIPO DE "
"DIADEMA USB","NO","APS"
"MOUSE GENIUS XCROLL ","NO","EQUIPO PUE"
"MOUSE GENIUS XCROLL ","NO","EQUIPO PUE"
"DISCO SOLIDO 500GB M","NO","DESKTOP AL"
"DISCO SOLIDO 500GB M","NO","SURE POS "
"TECLADO GENIUS USB","NO","Multif. HP"
"TECLADO GENIUS USB","NO","SURE POS "
"PATCH CORD AMP","NO","EQUIPO PUE"
"PATCH CORD AMP","NO","SURE POS "
"PDA EDA5S + CARGADOR","NO","TABLET "
"PDA EDA5S + CARGADOR","NO","SURE POS"
"PDA EDA5S + CARGADOR","NO","EQUIPO PUE"
"PDA EDA5S + CARGADOR","NO","IMPRESORA "
"PDA EDA5S + CARGADOR","NO","EQUIPO PUE"
"PDA EDA5S + CARGADOR","NO","LECTOR 2D"
"BIOMETRICO","NO","EQUIPO DE "
"BIOMETRICO","NO","SURE POS"
"SCANNER DE MESA","NO","TABLET "
"SCANNER DE MESA","NO","LAPTOP ALT"
"LAPTOP","NO","PDA"
"LAPTOP","NO","TABLET"
"LAPTOP ","NO","IMPRESORA "
"LAPTOP ","NO","TABLET"
"LECTORA 2D XENON","NO","EQUIPO DE "
"LECTORA 2D XENON","NO","TABLET"
"LECTORA 2D XENON","NO","EQUIPO DE "
"LECTORA 2D XENON","NO","TABLET"
"LECTORA 2D XENON","NO","EQUIPO PUE"
"LECTORA 2D XENON","NO","TABLET"
"LECTORA 2D XENON","NO","EQUIPO PUE"
"LECTORA 2D XENON","NO","TABLET"
"LECTORA 2D","NO","SCANNER"
"LECTORA 2D","NO","KIT PDA"
"DISCO ESTADO SOLIDO ","NO","EQUIPO PUE"
"DISCO ESTADO SOLIDO ","NO","EQUIPO PUE"
"CONVERTIDOR HDMI A V","NO","EQUIPO PUE"
"CONVERTIDOR HDMI A V","NO","IMPRESORA "
"DISCO ESTADO SOLIDO ","NO","EQUIPO PUE"
"DISCO ESTADO SOLIDO ","NO","BIOMETRICO"
"DISCO ESTADO SOLIDO ","NO","EQUIPO PUE"
"DISCO ESTADO SOLIDO ","NO","MULTIFUNCI"
"CAJON MONEDERO","NO","EQUIPO PUE"
"CAJON MONEDERO","NO","MULTIFUNCI"
"INTERFAZ PARA BOTON ","NO","EQUIPO PUE"
"INTERFAZ PARA BOTON ","NO","MULTIFUNCI"
"CABLE USB / SERIAL","NO","PDA"
"CABLE USB / SERIAL","NO","SCANER BAL"
"MEMORIA RAM PORTATIL","NO","IMPRESORA "
"MEMORIA RAM PORTATIL","NO","EQUIPO PUE"
"LAPTOP","NO","BIOMETRICO"
"LAPTOP","NO","EQUIPO DE "
"LAPTOP ","NO","EQUIPO DE "
"LAPTOP ","NO","EQUIPO DE "
"LAPTOP ","NO","EQUIPO PUE"
"LAPTOP ","NO","EQUIPO DE "
"LAPTOP","NO","EQUIPO PUE"
"LAPTOP","NO","EQUIPO DE "
"LAPTOP","NO","EQUIPO PUE"
"LAPTOP","NO","EQUIPO PUE"
"INTERFAZ PARA BOTON ","NO","SWICH"
"INTERFAZ PARA BOTON ","NO","EQUIPO PUE"
"INTERFAZ PARA BOTON ","NO","SWICH"
"INTERFAZ PARA BOTON ","NO","EQUIPO PUE"
"ADAPTADOR LAPTOP DEL","NO","KIT PDA"
"ADAPTADOR LAPTOP DEL","NO","SURE POS"
"CABLE HDMI","NO","IMPRESORA "
"CABLE HDMI","NO","LAPTOP ALT"
"MOUSE GENIUS XCROLL ","NO","KIT PDA"
"MOUSE GENIUS XCROLL ","NO","BIOMETRICO"
"MOUSE GENIUS XCROLL ","NO","IMPRESORA "
"MOUSE GENIUS XCROLL ","NO","SURE POS"
"CAMARA WEB","NO","KIT PDA"
"CAMARA WEB","NO","DEKSTOP"
"LAPTOP ","NO","LECTORA IN"
"LAPTOP ","NO","EQUIPO PUE"
"LAPTOP","NO","LECTORA IN"
"LAPTOP","NO","WORKSTATIO"
"LAPTOP ","NO","EQUIPO DE "
"LAPTOP ","NO","WORKSTATIO"
"CAJON MONEDERO","NO","EQUIPO PUE"
"CAJON MONEDERO","NO","WORKSTATIO"
"BATERIA PORTATIL HP ","NO","EQUIPO PUE"
"VENTILADOR HP 430 G6","NO","EQUIPO PUE"
