"cantidad_entrada";"costo_entrada";"nom_producto"
"51.8";"2.01";"Chocolate Liqueur - Godet White"
"51.8";"2.01";"Milk - Chocolate 500ml"
"51.8";"2.01";"Fond - Chocolate"
"51.8";"2.01";"Godiva White Chocolate"
"51.8";"2.01";"Fond - Chocolate"
"51.8";"2.01";"Chocolate - Pistoles, Lactee, Milk"
"51.8";"2.01";"Syrup - Kahlua Chocolate"
"51.8";"2.01";"Chocolate Bar - Smarties"
"51.8";"2.01";"Truffle Shells - White Chocolate"
"51.8";"2.01";"Pastry - Chocolate Marble Tea"
"51.8";"2.01";"Chocolate - Liqueur Cups With Foil"
"51.8";"2.01";"Chocolate - Chips Compound"
"51.8";"2.01";"Muffin Mix - Chocolate Chip"
"51.8";"2.01";"Cookie Dough - Chocolate Chip"
"51.8";"2.01";"Chocolate - Milk, Callets"
"51.8";"2.01";"Syrup - Kahlua Chocolate"
"26.32";"2.02";"Syrup - Kahlua Chocolate"
"26.32";"2.02";"Chocolate Bar - Smarties"
"26.32";"2.02";"Truffle Shells - White Chocolate"
"26.32";"2.02";"Pastry - Chocolate Marble Tea"
"26.32";"2.02";"Chocolate - Liqueur Cups With Foil"
"26.32";"2.02";"Chocolate - Chips Compound"
"26.32";"2.02";"Muffin Mix - Chocolate Chip"
"26.32";"2.02";"Cookie Dough - Chocolate Chip"
"26.32";"2.02";"Chocolate - Milk, Callets"
"26.32";"2.02";"Syrup - Kahlua Chocolate"
"26.32";"2.02";"Chocolate Liqueur - Godet White"
"26.32";"2.02";"Milk - Chocolate 500ml"
"26.32";"2.02";"Fond - Chocolate"
"26.32";"2.02";"Godiva White Chocolate"
"26.32";"2.02";"Fond - Chocolate"
"26.32";"2.02";"Chocolate - Pistoles, Lactee, Milk"
"44.67";"2.03";"Muffin Mix - Chocolate Chip"
"80.4";"2.03";"Fond - Chocolate"
"99.24";"2.03";"Fond - Chocolate"
"44.67";"2.03";"Cookie Dough - Chocolate Chip"
"80.4";"2.03";"Godiva White Chocolate"
"99.24";"2.03";"Chocolate - Pistoles, Lactee, Milk"
"99.24";"2.03";"Syrup - Kahlua Chocolate"
"44.67";"2.03";"Chocolate - Milk, Callets"
"80.4";"2.03";"Fond - Chocolate"
"44.67";"2.03";"Syrup - Kahlua Chocolate"
"99.24";"2.03";"Chocolate Bar - Smarties"
"80.4";"2.03";"Chocolate - Pistoles, Lactee, Milk"
"44.67";"2.03";"Chocolate Liqueur - Godet White"
"80.4";"2.03";"Syrup - Kahlua Chocolate"
"44.67";"2.03";"Milk - Chocolate 500ml"
"99.24";"2.03";"Truffle Shells - White Chocolate"
"80.4";"2.03";"Chocolate Bar - Smarties"
"99.24";"2.03";"Pastry - Chocolate Marble Tea"
"44.67";"2.03";"Fond - Chocolate"
"99.24";"2.03";"Chocolate - Liqueur Cups With Foil"
"44.67";"2.03";"Godiva White Chocolate"
"80.4";"2.03";"Truffle Shells - White Chocolate"
"99.24";"2.03";"Chocolate - Chips Compound"
"80.4";"2.03";"Pastry - Chocolate Marble Tea"
"99.24";"2.03";"Muffin Mix - Chocolate Chip"
"44.67";"2.03";"Fond - Chocolate"
"80.4";"2.03";"Chocolate - Liqueur Cups With Foil"
"99.24";"2.03";"Cookie Dough - Chocolate Chip"
"44.67";"2.03";"Chocolate - Pistoles, Lactee, Milk"
"80.4";"2.03";"Chocolate - Chips Compound"
"44.67";"2.03";"Syrup - Kahlua Chocolate"
"80.4";"2.03";"Muffin Mix - Chocolate Chip"
"99.24";"2.03";"Chocolate - Milk, Callets"
"99.24";"2.03";"Syrup - Kahlua Chocolate"
"44.67";"2.03";"Chocolate Bar - Smarties"
"80.4";"2.03";"Cookie Dough - Chocolate Chip"
"99.24";"2.03";"Chocolate Liqueur - Godet White"
"99.24";"2.03";"Milk - Chocolate 500ml"
"80.4";"2.03";"Chocolate - Milk, Callets"
"44.67";"2.03";"Truffle Shells - White Chocolate"
"80.4";"2.03";"Syrup - Kahlua Chocolate"
"44.67";"2.03";"Pastry - Chocolate Marble Tea"
"99.24";"2.03";"Fond - Chocolate"
"80.4";"2.03";"Chocolate Liqueur - Godet White"
"44.67";"2.03";"Chocolate - Liqueur Cups With Foil"
"80.4";"2.03";"Milk - Chocolate 500ml"
"99.24";"2.03";"Godiva White Chocolate"
"44.67";"2.03";"Chocolate - Chips Compound"
"72.44";"2.04";"Chocolate Liqueur - Godet White"
"72.44";"2.04";"Milk - Chocolate 500ml"
"72.44";"2.04";"Fond - Chocolate"
"72.44";"2.04";"Godiva White Chocolate"
"72.44";"2.04";"Fond - Chocolate"
"72.44";"2.04";"Chocolate - Pistoles, Lactee, Milk"
"72.44";"2.04";"Syrup - Kahlua Chocolate"
"72.44";"2.04";"Chocolate Bar - Smarties"
"72.44";"2.04";"Truffle Shells - White Chocolate"
"72.44";"2.04";"Pastry - Chocolate Marble Tea"
"72.44";"2.04";"Chocolate - Liqueur Cups With Foil"
"72.44";"2.04";"Chocolate - Chips Compound"
"72.44";"2.04";"Muffin Mix - Chocolate Chip"
"72.44";"2.04";"Cookie Dough - Chocolate Chip"
"72.44";"2.04";"Chocolate - Milk, Callets"
"72.44";"2.04";"Syrup - Kahlua Chocolate"
"86.59";"2.05";"Fond - Chocolate"
"86.59";"2.05";"Chocolate - Pistoles, Lactee, Milk"
"86.59";"2.05";"Syrup - Kahlua Chocolate"
"86.59";"2.05";"Chocolate Bar - Smarties"
"86.59";"2.05";"Truffle Shells - White Chocolate"
"86.59";"2.05";"Pastry - Chocolate Marble Tea"
"86.59";"2.05";"Chocolate - Liqueur Cups With Foil"
"86.59";"2.05";"Chocolate - Chips Compound"
"86.59";"2.05";"Muffin Mix - Chocolate Chip"
"86.59";"2.05";"Cookie Dough - Chocolate Chip"
"86.59";"2.05";"Chocolate - Milk, Callets"
"86.59";"2.05";"Syrup - Kahlua Chocolate"
"86.59";"2.05";"Chocolate Liqueur - Godet White"
"86.59";"2.05";"Milk - Chocolate 500ml"
"86.59";"2.05";"Fond - Chocolate"
"86.59";"2.05";"Godiva White Chocolate"
"27.92";"2.06";"Muffin Mix - Chocolate Chip"
"27.92";"2.06";"Cookie Dough - Chocolate Chip"
"27.92";"2.06";"Chocolate - Milk, Callets"
"27.92";"2.06";"Syrup - Kahlua Chocolate"
"27.92";"2.06";"Chocolate Liqueur - Godet White"
"27.92";"2.06";"Milk - Chocolate 500ml"
"27.92";"2.06";"Fond - Chocolate"
"27.92";"2.06";"Godiva White Chocolate"
"27.92";"2.06";"Fond - Chocolate"
"27.92";"2.06";"Chocolate - Pistoles, Lactee, Milk"
"27.92";"2.06";"Syrup - Kahlua Chocolate"
"27.92";"2.06";"Chocolate Bar - Smarties"
"27.92";"2.06";"Truffle Shells - White Chocolate"
"27.92";"2.06";"Pastry - Chocolate Marble Tea"
"27.92";"2.06";"Chocolate - Liqueur Cups With Foil"
"27.92";"2.06";"Chocolate - Chips Compound"
"66.83";"2.07";"Fond - Chocolate"
"22.2";"2.07";"Truffle Shells - White Chocolate"
"66.83";"2.07";"Chocolate - Pistoles, Lactee, Milk"
"22.2";"2.07";"Pastry - Chocolate Marble Tea"
"22.2";"2.07";"Chocolate - Liqueur Cups With Foil"
"66.83";"2.07";"Syrup - Kahlua Chocolate"
"22.2";"2.07";"Chocolate - Chips Compound"
"66.83";"2.07";"Chocolate Bar - Smarties"
"22.2";"2.07";"Muffin Mix - Chocolate Chip"
"66.83";"2.07";"Truffle Shells - White Chocolate"
"22.2";"2.07";"Cookie Dough - Chocolate Chip"
"66.83";"2.07";"Pastry - Chocolate Marble Tea"
"66.83";"2.07";"Chocolate - Liqueur Cups With Foil"
"22.2";"2.07";"Chocolate - Milk, Callets"
"22.2";"2.07";"Syrup - Kahlua Chocolate"
"66.83";"2.07";"Chocolate - Chips Compound"
"22.2";"2.07";"Chocolate Liqueur - Godet White"
"22.2";"2.07";"Milk - Chocolate 500ml"
"66.83";"2.07";"Cookie Dough - Chocolate Chip"
"66.83";"2.07";"Muffin Mix - Chocolate Chip"
"22.2";"2.07";"Fond - Chocolate"
"66.83";"2.07";"Chocolate - Milk, Callets"
"66.83";"2.07";"Syrup - Kahlua Chocolate"
"22.2";"2.07";"Godiva White Chocolate"
"66.83";"2.07";"Milk - Chocolate 500ml"
"22.2";"2.07";"Fond - Chocolate"
"66.83";"2.07";"Chocolate Liqueur - Godet White"
"22.2";"2.07";"Chocolate - Pistoles, Lactee, Milk"
"22.2";"2.07";"Syrup - Kahlua Chocolate"
"66.83";"2.07";"Godiva White Chocolate"
"66.83";"2.07";"Fond - Chocolate"
"22.2";"2.07";"Chocolate Bar - Smarties"
"52.21";"2.08";"Fond - Chocolate"
"67.61";"2.08";"Chocolate - Liqueur Cups With Foil"
"52.21";"2.08";"Godiva White Chocolate"
"67.61";"2.08";"Chocolate - Chips Compound"
"52.21";"2.08";"Fond - Chocolate"
"67.61";"2.08";"Cookie Dough - Chocolate Chip"
"67.61";"2.08";"Muffin Mix - Chocolate Chip"
"52.21";"2.08";"Chocolate - Pistoles, Lactee, Milk"
"52.21";"2.08";"Syrup - Kahlua Chocolate"
"67.61";"2.08";"Chocolate - Milk, Callets"
"67.61";"2.08";"Syrup - Kahlua Chocolate"
"52.21";"2.08";"Chocolate Bar - Smarties"
"67.61";"2.08";"Milk - Chocolate 500ml"
"52.21";"2.08";"Truffle Shells - White Chocolate"
"67.61";"2.08";"Chocolate Liqueur - Godet White"
"52.21";"2.08";"Pastry - Chocolate Marble Tea"
"52.21";"2.08";"Chocolate - Liqueur Cups With Foil"
"67.61";"2.08";"Godiva White Chocolate"
"67.61";"2.08";"Fond - Chocolate"
"52.21";"2.08";"Chocolate - Chips Compound"
"52.21";"2.08";"Muffin Mix - Chocolate Chip"
"67.61";"2.08";"Fond - Chocolate"
"52.21";"2.08";"Cookie Dough - Chocolate Chip"
"67.61";"2.08";"Chocolate - Pistoles, Lactee, Milk"
"52.21";"2.08";"Chocolate - Milk, Callets"
"52.21";"2.08";"Syrup - Kahlua Chocolate"
"67.61";"2.08";"Syrup - Kahlua Chocolate"
"67.61";"2.08";"Chocolate Bar - Smarties"
"52.21";"2.08";"Chocolate Liqueur - Godet White"
"52.21";"2.08";"Milk - Chocolate 500ml"
"67.61";"2.08";"Truffle Shells - White Chocolate"
"67.61";"2.08";"Pastry - Chocolate Marble Tea"
"51.69";"2.09";"Chocolate - Liqueur Cups With Foil"
"51.69";"2.09";"Chocolate - Chips Compound"
"51.69";"2.09";"Muffin Mix - Chocolate Chip"
"51.69";"2.09";"Cookie Dough - Chocolate Chip"
"51.69";"2.09";"Chocolate - Milk, Callets"
"51.69";"2.09";"Syrup - Kahlua Chocolate"
"51.69";"2.09";"Chocolate Liqueur - Godet White"
"51.69";"2.09";"Milk - Chocolate 500ml"
"51.69";"2.09";"Fond - Chocolate"
"51.69";"2.09";"Godiva White Chocolate"
"51.69";"2.09";"Fond - Chocolate"
"51.69";"2.09";"Chocolate - Pistoles, Lactee, Milk"
"51.69";"2.09";"Syrup - Kahlua Chocolate"
"51.69";"2.09";"Chocolate Bar - Smarties"
"51.69";"2.09";"Truffle Shells - White Chocolate"
"51.69";"2.09";"Pastry - Chocolate Marble Tea"
"12.25";"2.11";"Fond - Chocolate"
"86.03";"2.11";"Chocolate - Liqueur Cups With Foil"
"12.25";"2.11";"Godiva White Chocolate"
"53.74";"2.11";"Truffle Shells - White Chocolate"
"75.88";"2.11";"Truffle Shells - White Chocolate"
"86.03";"2.11";"Chocolate - Chips Compound"
"53.74";"2.11";"Pastry - Chocolate Marble Tea"
"75.88";"2.11";"Pastry - Chocolate Marble Tea"
"86.03";"2.11";"Muffin Mix - Chocolate Chip"
"12.25";"2.11";"Fond - Chocolate"
"53.74";"2.11";"Chocolate - Liqueur Cups With Foil"
"75.88";"2.11";"Chocolate - Liqueur Cups With Foil"
"86.03";"2.11";"Cookie Dough - Chocolate Chip"
"12.25";"2.11";"Chocolate - Pistoles, Lactee, Milk"
"53.74";"2.11";"Chocolate - Chips Compound"
"75.88";"2.11";"Chocolate - Chips Compound"
"12.25";"2.11";"Syrup - Kahlua Chocolate"
"53.74";"2.11";"Muffin Mix - Chocolate Chip"
"75.88";"2.11";"Muffin Mix - Chocolate Chip"
"86.03";"2.11";"Chocolate - Milk, Callets"
"53.74";"2.11";"Cookie Dough - Chocolate Chip"
"86.03";"2.11";"Syrup - Kahlua Chocolate"
"12.25";"2.11";"Chocolate Bar - Smarties"
"75.88";"2.11";"Cookie Dough - Chocolate Chip"
"86.03";"2.11";"Chocolate Liqueur - Godet White"
"53.74";"2.11";"Chocolate - Milk, Callets"
"86.03";"2.11";"Milk - Chocolate 500ml"
"75.88";"2.11";"Chocolate - Milk, Callets"
"12.25";"2.11";"Truffle Shells - White Chocolate"
"53.74";"2.11";"Syrup - Kahlua Chocolate"
"75.88";"2.11";"Syrup - Kahlua Chocolate"
"12.25";"2.11";"Pastry - Chocolate Marble Tea"
"53.74";"2.11";"Chocolate Liqueur - Godet White"
"86.03";"2.11";"Fond - Chocolate"
"75.88";"2.11";"Chocolate Liqueur - Godet White"
"12.25";"2.11";"Chocolate - Liqueur Cups With Foil"
"53.74";"2.11";"Milk - Chocolate 500ml"
"75.88";"2.11";"Milk - Chocolate 500ml"
"86.03";"2.11";"Godiva White Chocolate"
"12.25";"2.11";"Chocolate - Chips Compound"
"12.25";"2.11";"Muffin Mix - Chocolate Chip"
"53.74";"2.11";"Fond - Chocolate"
"75.88";"2.11";"Fond - Chocolate"
"86.03";"2.11";"Fond - Chocolate"
"12.25";"2.11";"Cookie Dough - Chocolate Chip"
"53.74";"2.11";"Godiva White Chocolate"
"75.88";"2.11";"Godiva White Chocolate"
"86.03";"2.11";"Chocolate - Pistoles, Lactee, Milk"
"86.03";"2.11";"Syrup - Kahlua Chocolate"
"12.25";"2.11";"Chocolate - Milk, Callets"
"53.74";"2.11";"Fond - Chocolate"
"75.88";"2.11";"Fond - Chocolate"
"12.25";"2.11";"Syrup - Kahlua Chocolate"
"86.03";"2.11";"Chocolate Bar - Smarties"
"53.74";"2.11";"Chocolate - Pistoles, Lactee, Milk"
"75.88";"2.11";"Chocolate - Pistoles, Lactee, Milk"
"12.25";"2.11";"Chocolate Liqueur - Godet White"
"53.74";"2.11";"Syrup - Kahlua Chocolate"
"75.88";"2.11";"Syrup - Kahlua Chocolate"
"12.25";"2.11";"Milk - Chocolate 500ml"
"86.03";"2.11";"Truffle Shells - White Chocolate"
"53.74";"2.11";"Chocolate Bar - Smarties"
"75.88";"2.11";"Chocolate Bar - Smarties"
"86.03";"2.11";"Pastry - Chocolate Marble Tea"
"53.94";"2.12";"Syrup - Kahlua Chocolate"
"24.41";"2.12";"Fond - Chocolate"
"53.94";"2.12";"Chocolate Bar - Smarties"
"24.41";"2.12";"Chocolate - Pistoles, Lactee, Milk"
"53.94";"2.12";"Truffle Shells - White Chocolate"
"24.41";"2.12";"Syrup - Kahlua Chocolate"
"24.41";"2.12";"Chocolate Bar - Smarties"
"53.94";"2.12";"Pastry - Chocolate Marble Tea"
"53.94";"2.12";"Chocolate - Liqueur Cups With Foil"
"24.41";"2.12";"Truffle Shells - White Chocolate"
"53.94";"2.12";"Chocolate - Chips Compound"
"24.41";"2.12";"Pastry - Chocolate Marble Tea"
"53.94";"2.12";"Muffin Mix - Chocolate Chip"
"24.41";"2.12";"Chocolate - Liqueur Cups With Foil"
"53.94";"2.12";"Cookie Dough - Chocolate Chip"
"24.41";"2.12";"Chocolate - Chips Compound"
"53.94";"2.12";"Chocolate - Milk, Callets"
"24.41";"2.12";"Cookie Dough - Chocolate Chip"
"53.94";"2.12";"Syrup - Kahlua Chocolate"
"24.41";"2.12";"Muffin Mix - Chocolate Chip"
"53.94";"2.12";"Chocolate Liqueur - Godet White"
"24.41";"2.12";"Chocolate - Milk, Callets"
"53.94";"2.12";"Milk - Chocolate 500ml"
"24.41";"2.12";"Syrup - Kahlua Chocolate"
"53.94";"2.12";"Fond - Chocolate"
"24.41";"2.12";"Milk - Chocolate 500ml"
"53.94";"2.12";"Godiva White Chocolate"
"24.41";"2.12";"Chocolate Liqueur - Godet White"
"53.94";"2.12";"Fond - Chocolate"
"24.41";"2.12";"Godiva White Chocolate"
"24.41";"2.12";"Fond - Chocolate"
"53.94";"2.12";"Chocolate - Pistoles, Lactee, Milk"
"99.98";"2.13";"Fond - Chocolate"
"10.88";"2.13";"Chocolate - Liqueur Cups With Foil"
"99.98";"2.13";"Godiva White Chocolate"
"10.88";"2.13";"Chocolate - Chips Compound"
"10.88";"2.13";"Muffin Mix - Chocolate Chip"
"99.98";"2.13";"Fond - Chocolate"
"10.88";"2.13";"Cookie Dough - Chocolate Chip"
"99.98";"2.13";"Chocolate - Pistoles, Lactee, Milk"
"99.98";"2.13";"Syrup - Kahlua Chocolate"
"10.88";"2.13";"Chocolate - Milk, Callets"
"10.88";"2.13";"Syrup - Kahlua Chocolate"
"99.98";"2.13";"Chocolate Bar - Smarties"
"10.88";"2.13";"Chocolate Liqueur - Godet White"
"10.88";"2.13";"Milk - Chocolate 500ml"
"99.98";"2.13";"Truffle Shells - White Chocolate"
"99.98";"2.13";"Pastry - Chocolate Marble Tea"
"10.88";"2.13";"Fond - Chocolate"
"99.98";"2.13";"Chocolate - Liqueur Cups With Foil"
"10.88";"2.13";"Godiva White Chocolate"
"99.98";"2.13";"Chocolate - Chips Compound"
"99.98";"2.13";"Muffin Mix - Chocolate Chip"
"10.88";"2.13";"Fond - Chocolate"
"99.98";"2.13";"Cookie Dough - Chocolate Chip"
"10.88";"2.13";"Chocolate - Pistoles, Lactee, Milk"
"10.88";"2.13";"Syrup - Kahlua Chocolate"
"99.98";"2.13";"Chocolate - Milk, Callets"
"99.98";"2.13";"Syrup - Kahlua Chocolate"
"10.88";"2.13";"Chocolate Bar - Smarties"
"99.98";"2.13";"Chocolate Liqueur - Godet White"
"99.98";"2.13";"Milk - Chocolate 500ml"
"10.88";"2.13";"Truffle Shells - White Chocolate"
"10.88";"2.13";"Pastry - Chocolate Marble Tea"
"10.42";"2.14";"Godiva White Chocolate"
"10.42";"2.14";"Fond - Chocolate"
"10.42";"2.14";"Fond - Chocolate"
"10.42";"2.14";"Chocolate - Pistoles, Lactee, Milk"
"10.42";"2.14";"Syrup - Kahlua Chocolate"
"10.42";"2.14";"Chocolate Bar - Smarties"
"10.42";"2.14";"Truffle Shells - White Chocolate"
"10.42";"2.14";"Pastry - Chocolate Marble Tea"
"10.42";"2.14";"Chocolate - Liqueur Cups With Foil"
"10.42";"2.14";"Chocolate - Chips Compound"
"10.42";"2.14";"Cookie Dough - Chocolate Chip"
"10.42";"2.14";"Muffin Mix - Chocolate Chip"
"10.42";"2.14";"Chocolate - Milk, Callets"
"10.42";"2.14";"Syrup - Kahlua Chocolate"
"10.42";"2.14";"Milk - Chocolate 500ml"
"10.42";"2.14";"Chocolate Liqueur - Godet White"
"43";"2.16";"Chocolate Liqueur - Godet White"
"43";"2.16";"Milk - Chocolate 500ml"
"43";"2.16";"Fond - Chocolate"
"43";"2.16";"Godiva White Chocolate"
"43";"2.16";"Fond - Chocolate"
"43";"2.16";"Chocolate - Pistoles, Lactee, Milk"
"43";"2.16";"Syrup - Kahlua Chocolate"
"43";"2.16";"Chocolate Bar - Smarties"
"43";"2.16";"Truffle Shells - White Chocolate"
"43";"2.16";"Pastry - Chocolate Marble Tea"
"43";"2.16";"Chocolate - Liqueur Cups With Foil"
"43";"2.16";"Chocolate - Chips Compound"
"43";"2.16";"Muffin Mix - Chocolate Chip"
"43";"2.16";"Cookie Dough - Chocolate Chip"
"43";"2.16";"Chocolate - Milk, Callets"
"43";"2.16";"Syrup - Kahlua Chocolate"
"52.83";"2.17";"Fond - Chocolate"
"52.83";"2.17";"Chocolate - Pistoles, Lactee, Milk"
"52.83";"2.17";"Syrup - Kahlua Chocolate"
"52.83";"2.17";"Chocolate Bar - Smarties"
"52.83";"2.17";"Truffle Shells - White Chocolate"
"52.83";"2.17";"Pastry - Chocolate Marble Tea"
"52.83";"2.17";"Chocolate - Liqueur Cups With Foil"
"52.83";"2.17";"Chocolate - Chips Compound"
"52.83";"2.17";"Muffin Mix - Chocolate Chip"
"52.83";"2.17";"Cookie Dough - Chocolate Chip"
"52.83";"2.17";"Chocolate - Milk, Callets"
"52.83";"2.17";"Syrup - Kahlua Chocolate"
"52.83";"2.17";"Chocolate Liqueur - Godet White"
"52.83";"2.17";"Milk - Chocolate 500ml"
"52.83";"2.17";"Fond - Chocolate"
"52.83";"2.17";"Godiva White Chocolate"
"61.41";"2.18";"Fond - Chocolate"
"61.41";"2.18";"Godiva White Chocolate"
"61.41";"2.18";"Fond - Chocolate"
"61.41";"2.18";"Chocolate - Pistoles, Lactee, Milk"
"61.41";"2.18";"Syrup - Kahlua Chocolate"
"61.41";"2.18";"Chocolate Bar - Smarties"
"61.41";"2.18";"Truffle Shells - White Chocolate"
"61.41";"2.18";"Pastry - Chocolate Marble Tea"
"61.41";"2.18";"Chocolate - Liqueur Cups With Foil"
"61.41";"2.18";"Chocolate - Chips Compound"
"61.41";"2.18";"Muffin Mix - Chocolate Chip"
"61.41";"2.18";"Cookie Dough - Chocolate Chip"
"61.41";"2.18";"Chocolate - Milk, Callets"
"61.41";"2.18";"Syrup - Kahlua Chocolate"
"61.41";"2.18";"Chocolate Liqueur - Godet White"
"61.41";"2.18";"Milk - Chocolate 500ml"
"21.6";"2.19";"Milk - Chocolate 500ml"
"77.92";"2.19";"Chocolate - Milk, Callets"
"95.38";"2.19";"Fond - Chocolate"
"77.92";"2.19";"Syrup - Kahlua Chocolate"
"21.6";"2.19";"Chocolate Liqueur - Godet White"
"95.38";"2.19";"Chocolate - Pistoles, Lactee, Milk"
"77.92";"2.19";"Chocolate Liqueur - Godet White"
"95.38";"2.19";"Syrup - Kahlua Chocolate"
"77.92";"2.19";"Milk - Chocolate 500ml"
"21.6";"2.19";"Godiva White Chocolate"
"21.6";"2.19";"Fond - Chocolate"
"95.38";"2.19";"Chocolate Bar - Smarties"
"77.92";"2.19";"Fond - Chocolate"
"21.6";"2.19";"Fond - Chocolate"
"77.92";"2.19";"Godiva White Chocolate"
"95.38";"2.19";"Truffle Shells - White Chocolate"
"21.6";"2.19";"Chocolate - Pistoles, Lactee, Milk"
"95.38";"2.19";"Pastry - Chocolate Marble Tea"
"77.92";"2.19";"Fond - Chocolate"
"95.38";"2.19";"Chocolate - Liqueur Cups With Foil"
"21.6";"2.19";"Syrup - Kahlua Chocolate"
"21.6";"2.19";"Chocolate Bar - Smarties"
"77.92";"2.19";"Chocolate - Pistoles, Lactee, Milk"
"95.38";"2.19";"Chocolate - Chips Compound"
"77.92";"2.19";"Syrup - Kahlua Chocolate"
"95.38";"2.19";"Muffin Mix - Chocolate Chip"
"21.6";"2.19";"Truffle Shells - White Chocolate"
"95.38";"2.19";"Cookie Dough - Chocolate Chip"
"77.92";"2.19";"Chocolate Bar - Smarties"
"21.6";"2.19";"Pastry - Chocolate Marble Tea"
"21.6";"2.19";"Chocolate - Liqueur Cups With Foil"
"95.38";"2.19";"Chocolate - Milk, Callets"
"77.92";"2.19";"Truffle Shells - White Chocolate"
"95.38";"2.19";"Syrup - Kahlua Chocolate"
"21.6";"2.19";"Chocolate - Chips Compound"
"77.92";"2.19";"Pastry - Chocolate Marble Tea"
"95.38";"2.19";"Chocolate Liqueur - Godet White"
"77.92";"2.19";"Chocolate - Liqueur Cups With Foil"
"95.38";"2.19";"Milk - Chocolate 500ml"
"21.6";"2.19";"Cookie Dough - Chocolate Chip"
"21.6";"2.19";"Muffin Mix - Chocolate Chip"
"77.92";"2.19";"Chocolate - Chips Compound"
"77.92";"2.19";"Muffin Mix - Chocolate Chip"
"95.38";"2.19";"Fond - Chocolate"
"21.6";"2.19";"Chocolate - Milk, Callets"
"21.6";"2.19";"Syrup - Kahlua Chocolate"
"77.92";"2.19";"Cookie Dough - Chocolate Chip"
"95.38";"2.19";"Godiva White Chocolate"
"80.58";"2.22";"Cookie Dough - Chocolate Chip"
"80.58";"2.22";"Muffin Mix - Chocolate Chip"
"80.58";"2.22";"Chocolate - Milk, Callets"
"80.58";"2.22";"Syrup - Kahlua Chocolate"
"80.58";"2.22";"Milk - Chocolate 500ml"
"80.58";"2.22";"Chocolate Liqueur - Godet White"
"80.58";"2.22";"Godiva White Chocolate"
"80.58";"2.22";"Fond - Chocolate"
"80.58";"2.22";"Fond - Chocolate"
"80.58";"2.22";"Chocolate - Pistoles, Lactee, Milk"
"80.58";"2.22";"Syrup - Kahlua Chocolate"
"80.58";"2.22";"Chocolate Bar - Smarties"
"80.58";"2.22";"Truffle Shells - White Chocolate"
"80.58";"2.22";"Pastry - Chocolate Marble Tea"
"80.58";"2.22";"Chocolate - Liqueur Cups With Foil"
"80.58";"2.22";"Chocolate - Chips Compound"
"20.67";"2.24";"Fond - Chocolate"
"68.28";"2.24";"Milk - Chocolate 500ml"
"58.08";"2.24";"Chocolate - Milk, Callets"
"58.08";"2.24";"Syrup - Kahlua Chocolate"
"20.67";"2.24";"Godiva White Chocolate"
"68.28";"2.24";"Chocolate Liqueur - Godet White"
"58.08";"2.24";"Chocolate Liqueur - Godet White"
"58.08";"2.24";"Milk - Chocolate 500ml"
"20.67";"2.24";"Fond - Chocolate"
"68.28";"2.24";"Godiva White Chocolate"
"68.28";"2.24";"Fond - Chocolate"
"20.67";"2.24";"Chocolate - Pistoles, Lactee, Milk"
"58.08";"2.24";"Fond - Chocolate"
"20.67";"2.24";"Syrup - Kahlua Chocolate"
"68.28";"2.24";"Fond - Chocolate"
"58.08";"2.24";"Godiva White Chocolate"
"20.67";"2.24";"Chocolate Bar - Smarties"
"68.28";"2.24";"Chocolate - Pistoles, Lactee, Milk"
"58.08";"2.24";"Fond - Chocolate"
"20.67";"2.24";"Truffle Shells - White Chocolate"
"68.28";"2.24";"Syrup - Kahlua Chocolate"
"58.08";"2.24";"Chocolate - Pistoles, Lactee, Milk"
"20.67";"2.24";"Pastry - Chocolate Marble Tea"
"68.28";"2.24";"Chocolate Bar - Smarties"
"58.08";"2.24";"Syrup - Kahlua Chocolate"
"20.67";"2.24";"Chocolate - Liqueur Cups With Foil"
"68.28";"2.24";"Truffle Shells - White Chocolate"
"58.08";"2.24";"Chocolate Bar - Smarties"
"20.67";"2.24";"Chocolate - Chips Compound"
"68.28";"2.24";"Pastry - Chocolate Marble Tea"
"20.67";"2.24";"Muffin Mix - Chocolate Chip"
"68.28";"2.24";"Chocolate - Liqueur Cups With Foil"
"58.08";"2.24";"Truffle Shells - White Chocolate"
"20.67";"2.24";"Cookie Dough - Chocolate Chip"
"68.28";"2.24";"Chocolate - Chips Compound"
"58.08";"2.24";"Pastry - Chocolate Marble Tea"
"58.08";"2.24";"Chocolate - Liqueur Cups With Foil"
"20.67";"2.24";"Chocolate - Milk, Callets"
"68.28";"2.24";"Cookie Dough - Chocolate Chip"
"20.67";"2.24";"Syrup - Kahlua Chocolate"
"68.28";"2.24";"Muffin Mix - Chocolate Chip"
"58.08";"2.24";"Chocolate - Chips Compound"
"58.08";"2.24";"Muffin Mix - Chocolate Chip"
"20.67";"2.24";"Chocolate Liqueur - Godet White"
"68.28";"2.24";"Chocolate - Milk, Callets"
"20.67";"2.24";"Milk - Chocolate 500ml"
"68.28";"2.24";"Syrup - Kahlua Chocolate"
"58.08";"2.24";"Cookie Dough - Chocolate Chip"
"48.85";"2.26";"Fond - Chocolate"
"48.85";"2.26";"Chocolate - Pistoles, Lactee, Milk"
"48.85";"2.26";"Syrup - Kahlua Chocolate"
"48.85";"2.26";"Chocolate Bar - Smarties"
"48.85";"2.26";"Truffle Shells - White Chocolate"
"48.85";"2.26";"Pastry - Chocolate Marble Tea"
"48.85";"2.26";"Chocolate - Liqueur Cups With Foil"
"48.85";"2.26";"Chocolate - Chips Compound"
"48.85";"2.26";"Muffin Mix - Chocolate Chip"
"48.85";"2.26";"Cookie Dough - Chocolate Chip"
"48.85";"2.26";"Chocolate - Milk, Callets"
"48.85";"2.26";"Syrup - Kahlua Chocolate"
"48.85";"2.26";"Chocolate Liqueur - Godet White"
"48.85";"2.26";"Milk - Chocolate 500ml"
"48.85";"2.26";"Fond - Chocolate"
"48.85";"2.26";"Godiva White Chocolate"
"97.53";"2.27";"Chocolate - Milk, Callets"
"97.53";"2.27";"Syrup - Kahlua Chocolate"
"97.53";"2.27";"Chocolate Liqueur - Godet White"
"97.53";"2.27";"Milk - Chocolate 500ml"
"97.53";"2.27";"Fond - Chocolate"
"97.53";"2.27";"Godiva White Chocolate"
"97.53";"2.27";"Fond - Chocolate"
"97.53";"2.27";"Chocolate - Pistoles, Lactee, Milk"
"97.53";"2.27";"Syrup - Kahlua Chocolate"
"97.53";"2.27";"Chocolate Bar - Smarties"
"97.53";"2.27";"Truffle Shells - White Chocolate"
"97.53";"2.27";"Pastry - Chocolate Marble Tea"
"97.53";"2.27";"Chocolate - Liqueur Cups With Foil"
"97.53";"2.27";"Chocolate - Chips Compound"
"97.53";"2.27";"Muffin Mix - Chocolate Chip"
"97.53";"2.27";"Cookie Dough - Chocolate Chip"
"46.01";"2.31";"Milk - Chocolate 500ml"
"68.14";"2.31";"Fond - Chocolate"
"46.01";"2.31";"Chocolate Liqueur - Godet White"
"68.14";"2.31";"Chocolate - Pistoles, Lactee, Milk"
"68.14";"2.31";"Syrup - Kahlua Chocolate"
"46.01";"2.31";"Godiva White Chocolate"
"46.01";"2.31";"Fond - Chocolate"
"68.14";"2.31";"Chocolate Bar - Smarties"
"46.01";"2.31";"Fond - Chocolate"
"68.14";"2.31";"Truffle Shells - White Chocolate"
"46.01";"2.31";"Chocolate - Pistoles, Lactee, Milk"
"68.14";"2.31";"Pastry - Chocolate Marble Tea"
"68.14";"2.31";"Chocolate - Liqueur Cups With Foil"
"46.01";"2.31";"Syrup - Kahlua Chocolate"
"68.14";"2.31";"Chocolate - Chips Compound"
"46.01";"2.31";"Chocolate Bar - Smarties"
"68.14";"2.31";"Muffin Mix - Chocolate Chip"
"46.01";"2.31";"Truffle Shells - White Chocolate"
"68.14";"2.31";"Cookie Dough - Chocolate Chip"
"46.01";"2.31";"Pastry - Chocolate Marble Tea"
"46.01";"2.31";"Chocolate - Liqueur Cups With Foil"
"68.14";"2.31";"Chocolate - Milk, Callets"
"68.14";"2.31";"Syrup - Kahlua Chocolate"
"46.01";"2.31";"Chocolate - Chips Compound"
"68.14";"2.31";"Chocolate Liqueur - Godet White"
"68.14";"2.31";"Milk - Chocolate 500ml"
"46.01";"2.31";"Cookie Dough - Chocolate Chip"
"46.01";"2.31";"Muffin Mix - Chocolate Chip"
"68.14";"2.31";"Fond - Chocolate"
"46.01";"2.31";"Chocolate - Milk, Callets"
"46.01";"2.31";"Syrup - Kahlua Chocolate"
"68.14";"2.31";"Godiva White Chocolate"
"85.24";"2.33";"Syrup - Kahlua Chocolate"
"85.24";"2.33";"Chocolate Bar - Smarties"
"85.24";"2.33";"Truffle Shells - White Chocolate"
"85.24";"2.33";"Pastry - Chocolate Marble Tea"
"85.24";"2.33";"Chocolate - Liqueur Cups With Foil"
"85.24";"2.33";"Chocolate - Chips Compound"
"85.24";"2.33";"Cookie Dough - Chocolate Chip"
"85.24";"2.33";"Muffin Mix - Chocolate Chip"
"85.24";"2.33";"Chocolate - Milk, Callets"
"85.24";"2.33";"Syrup - Kahlua Chocolate"
"85.24";"2.33";"Milk - Chocolate 500ml"
"85.24";"2.33";"Chocolate Liqueur - Godet White"
"85.24";"2.33";"Fond - Chocolate"
"85.24";"2.33";"Godiva White Chocolate"
"85.24";"2.33";"Fond - Chocolate"
"85.24";"2.33";"Chocolate - Pistoles, Lactee, Milk"
"46.4";"2.34";"Muffin Mix - Chocolate Chip"
"49.77";"2.34";"Godiva White Chocolate"
"46.4";"2.34";"Cookie Dough - Chocolate Chip"
"49.77";"2.34";"Fond - Chocolate"
"49.77";"2.34";"Fond - Chocolate"
"46.4";"2.34";"Chocolate - Milk, Callets"
"46.4";"2.34";"Syrup - Kahlua Chocolate"
"49.77";"2.34";"Chocolate - Pistoles, Lactee, Milk"
"46.4";"2.34";"Chocolate Liqueur - Godet White"
"46.4";"2.34";"Milk - Chocolate 500ml"
"49.77";"2.34";"Syrup - Kahlua Chocolate"
"49.77";"2.34";"Chocolate Bar - Smarties"
"46.4";"2.34";"Fond - Chocolate"
"49.77";"2.34";"Truffle Shells - White Chocolate"
"46.4";"2.34";"Godiva White Chocolate"
"49.77";"2.34";"Pastry - Chocolate Marble Tea"
"49.77";"2.34";"Chocolate - Liqueur Cups With Foil"
"46.4";"2.34";"Fond - Chocolate"
"49.77";"2.34";"Chocolate - Chips Compound"
"46.4";"2.34";"Chocolate - Pistoles, Lactee, Milk"
"46.4";"2.34";"Syrup - Kahlua Chocolate"
"49.77";"2.34";"Cookie Dough - Chocolate Chip"
"49.77";"2.34";"Muffin Mix - Chocolate Chip"
"46.4";"2.34";"Chocolate Bar - Smarties"
"49.77";"2.34";"Chocolate - Milk, Callets"
"49.77";"2.34";"Syrup - Kahlua Chocolate"
"46.4";"2.34";"Truffle Shells - White Chocolate"
"46.4";"2.34";"Pastry - Chocolate Marble Tea"
"49.77";"2.34";"Milk - Chocolate 500ml"
"46.4";"2.34";"Chocolate - Liqueur Cups With Foil"
"49.77";"2.34";"Chocolate Liqueur - Godet White"
"46.4";"2.34";"Chocolate - Chips Compound"
"27.66";"2.35";"Syrup - Kahlua Chocolate"
"27.66";"2.35";"Chocolate Bar - Smarties"
"27.66";"2.35";"Truffle Shells - White Chocolate"
"27.66";"2.35";"Pastry - Chocolate Marble Tea"
"27.66";"2.35";"Chocolate - Liqueur Cups With Foil"
"27.66";"2.35";"Chocolate - Chips Compound"
"27.66";"2.35";"Muffin Mix - Chocolate Chip"
"27.66";"2.35";"Cookie Dough - Chocolate Chip"
"27.66";"2.35";"Chocolate - Milk, Callets"
"27.66";"2.35";"Syrup - Kahlua Chocolate"
"27.66";"2.35";"Chocolate Liqueur - Godet White"
"27.66";"2.35";"Milk - Chocolate 500ml"
"27.66";"2.35";"Fond - Chocolate"
"27.66";"2.35";"Godiva White Chocolate"
"27.66";"2.35";"Fond - Chocolate"
"27.66";"2.35";"Chocolate - Pistoles, Lactee, Milk"
"60.6";"2.36";"Chocolate Liqueur - Godet White"
"60.6";"2.36";"Milk - Chocolate 500ml"
"60.6";"2.36";"Fond - Chocolate"
"60.6";"2.36";"Godiva White Chocolate"
"60.6";"2.36";"Fond - Chocolate"
"60.6";"2.36";"Chocolate - Pistoles, Lactee, Milk"
"60.6";"2.36";"Syrup - Kahlua Chocolate"
"60.6";"2.36";"Chocolate Bar - Smarties"
"60.6";"2.36";"Truffle Shells - White Chocolate"
"60.6";"2.36";"Pastry - Chocolate Marble Tea"
"60.6";"2.36";"Chocolate - Liqueur Cups With Foil"
"60.6";"2.36";"Chocolate - Chips Compound"
"60.6";"2.36";"Muffin Mix - Chocolate Chip"
"60.6";"2.36";"Cookie Dough - Chocolate Chip"
"60.6";"2.36";"Chocolate - Milk, Callets"
"60.6";"2.36";"Syrup - Kahlua Chocolate"
"55.52";"2.39";"Muffin Mix - Chocolate Chip"
"55.52";"2.39";"Cookie Dough - Chocolate Chip"
"55.52";"2.39";"Chocolate - Milk, Callets"
"55.52";"2.39";"Syrup - Kahlua Chocolate"
"55.52";"2.39";"Chocolate Liqueur - Godet White"
"55.52";"2.39";"Milk - Chocolate 500ml"
"55.52";"2.39";"Fond - Chocolate"
"55.52";"2.39";"Godiva White Chocolate"
"55.52";"2.39";"Fond - Chocolate"
"55.52";"2.39";"Chocolate - Pistoles, Lactee, Milk"
"55.52";"2.39";"Syrup - Kahlua Chocolate"
"55.52";"2.39";"Chocolate Bar - Smarties"
"55.52";"2.39";"Truffle Shells - White Chocolate"
"55.52";"2.39";"Pastry - Chocolate Marble Tea"
"55.52";"2.39";"Chocolate - Liqueur Cups With Foil"
"55.52";"2.39";"Chocolate - Chips Compound"
"26.48";"2.42";"Muffin Mix - Chocolate Chip"
"26.48";"2.42";"Cookie Dough - Chocolate Chip"
"26.48";"2.42";"Chocolate - Milk, Callets"
"26.48";"2.42";"Syrup - Kahlua Chocolate"
"26.48";"2.42";"Chocolate Liqueur - Godet White"
"26.48";"2.42";"Milk - Chocolate 500ml"
"26.48";"2.42";"Fond - Chocolate"
"26.48";"2.42";"Godiva White Chocolate"
"26.48";"2.42";"Fond - Chocolate"
"26.48";"2.42";"Chocolate - Pistoles, Lactee, Milk"
"26.48";"2.42";"Syrup - Kahlua Chocolate"
"26.48";"2.42";"Chocolate Bar - Smarties"
"26.48";"2.42";"Truffle Shells - White Chocolate"
"26.48";"2.42";"Pastry - Chocolate Marble Tea"
"26.48";"2.42";"Chocolate - Liqueur Cups With Foil"
"26.48";"2.42";"Chocolate - Chips Compound"
"69.42";"2.43";"Syrup - Kahlua Chocolate"
"69.42";"2.43";"Chocolate Bar - Smarties"
"69.42";"2.43";"Truffle Shells - White Chocolate"
"69.42";"2.43";"Pastry - Chocolate Marble Tea"
"69.42";"2.43";"Chocolate - Liqueur Cups With Foil"
"69.42";"2.43";"Chocolate - Chips Compound"
"69.42";"2.43";"Muffin Mix - Chocolate Chip"
"69.42";"2.43";"Cookie Dough - Chocolate Chip"
"69.42";"2.43";"Chocolate - Milk, Callets"
"69.42";"2.43";"Syrup - Kahlua Chocolate"
"69.42";"2.43";"Chocolate Liqueur - Godet White"
"69.42";"2.43";"Milk - Chocolate 500ml"
"69.42";"2.43";"Fond - Chocolate"
"69.42";"2.43";"Godiva White Chocolate"
"69.42";"2.43";"Fond - Chocolate"
"69.42";"2.43";"Chocolate - Pistoles, Lactee, Milk"
"89.27";"2.45";"Chocolate - Liqueur Cups With Foil"
"89.27";"2.45";"Chocolate - Chips Compound"
"89.27";"2.45";"Muffin Mix - Chocolate Chip"
"89.27";"2.45";"Cookie Dough - Chocolate Chip"
"89.27";"2.45";"Chocolate - Milk, Callets"
"89.27";"2.45";"Syrup - Kahlua Chocolate"
"89.27";"2.45";"Milk - Chocolate 500ml"
"89.27";"2.45";"Chocolate Liqueur - Godet White"
"89.27";"2.45";"Fond - Chocolate"
"89.27";"2.45";"Godiva White Chocolate"
"89.27";"2.45";"Fond - Chocolate"
"89.27";"2.45";"Chocolate - Pistoles, Lactee, Milk"
"89.27";"2.45";"Syrup - Kahlua Chocolate"
"89.27";"2.45";"Chocolate Bar - Smarties"
"89.27";"2.45";"Truffle Shells - White Chocolate"
"89.27";"2.45";"Pastry - Chocolate Marble Tea"
"79.58";"2.46";"Cookie Dough - Chocolate Chip"
"79.58";"2.46";"Muffin Mix - Chocolate Chip"
"79.58";"2.46";"Chocolate - Milk, Callets"
"79.58";"2.46";"Syrup - Kahlua Chocolate"
"79.58";"2.46";"Milk - Chocolate 500ml"
"79.58";"2.46";"Chocolate Liqueur - Godet White"
"79.58";"2.46";"Godiva White Chocolate"
"79.58";"2.46";"Fond - Chocolate"
"79.58";"2.46";"Fond - Chocolate"
"79.58";"2.46";"Chocolate - Pistoles, Lactee, Milk"
"79.58";"2.46";"Syrup - Kahlua Chocolate"
"79.58";"2.46";"Chocolate Bar - Smarties"
"79.58";"2.46";"Truffle Shells - White Chocolate"
"79.58";"2.46";"Pastry - Chocolate Marble Tea"
"79.58";"2.46";"Chocolate - Liqueur Cups With Foil"
"79.58";"2.46";"Chocolate - Chips Compound"
"24.82";"2.47";"Chocolate - Liqueur Cups With Foil"
"50.4";"2.47";"Fond - Chocolate"
"24.82";"2.47";"Chocolate - Chips Compound"
"50.4";"2.47";"Chocolate - Pistoles, Lactee, Milk"
"50.4";"2.47";"Syrup - Kahlua Chocolate"
"24.82";"2.47";"Cookie Dough - Chocolate Chip"
"24.82";"2.47";"Muffin Mix - Chocolate Chip"
"50.4";"2.47";"Chocolate Bar - Smarties"
"24.82";"2.47";"Chocolate - Milk, Callets"
"24.82";"2.47";"Syrup - Kahlua Chocolate"
"50.4";"2.47";"Truffle Shells - White Chocolate"
"50.4";"2.47";"Pastry - Chocolate Marble Tea"
"24.82";"2.47";"Milk - Chocolate 500ml"
"50.4";"2.47";"Chocolate - Liqueur Cups With Foil"
"24.82";"2.47";"Chocolate Liqueur - Godet White"
"50.4";"2.47";"Chocolate - Chips Compound"
"50.4";"2.47";"Muffin Mix - Chocolate Chip"
"24.82";"2.47";"Godiva White Chocolate"
"50.4";"2.47";"Cookie Dough - Chocolate Chip"
"24.82";"2.47";"Fond - Chocolate"
"24.82";"2.47";"Fond - Chocolate"
"50.4";"2.47";"Chocolate - Milk, Callets"
"50.4";"2.47";"Syrup - Kahlua Chocolate"
"24.82";"2.47";"Chocolate - Pistoles, Lactee, Milk"
"50.4";"2.47";"Chocolate Liqueur - Godet White"
"50.4";"2.47";"Milk - Chocolate 500ml"
"24.82";"2.47";"Syrup - Kahlua Chocolate"
"24.82";"2.47";"Chocolate Bar - Smarties"
"50.4";"2.47";"Fond - Chocolate"
"24.82";"2.47";"Truffle Shells - White Chocolate"
"50.4";"2.47";"Godiva White Chocolate"
"24.82";"2.47";"Pastry - Chocolate Marble Tea"
"41.17";"2.48";"Chocolate - Liqueur Cups With Foil"
"41.17";"2.48";"Chocolate - Chips Compound"
"41.17";"2.48";"Muffin Mix - Chocolate Chip"
"41.17";"2.48";"Cookie Dough - Chocolate Chip"
"41.17";"2.48";"Chocolate - Milk, Callets"
"41.17";"2.48";"Syrup - Kahlua Chocolate"
"41.17";"2.48";"Chocolate Liqueur - Godet White"
"41.17";"2.48";"Milk - Chocolate 500ml"
"41.17";"2.48";"Fond - Chocolate"
"41.17";"2.48";"Godiva White Chocolate"
"41.17";"2.48";"Fond - Chocolate"
"41.17";"2.48";"Chocolate - Pistoles, Lactee, Milk"
"41.17";"2.48";"Syrup - Kahlua Chocolate"
"41.17";"2.48";"Chocolate Bar - Smarties"
"41.17";"2.48";"Truffle Shells - White Chocolate"
"41.17";"2.48";"Pastry - Chocolate Marble Tea"
"61.31";"2.49";"Fond - Chocolate"
"61.31";"2.49";"Chocolate - Pistoles, Lactee, Milk"
"61.31";"2.49";"Syrup - Kahlua Chocolate"
"61.31";"2.49";"Chocolate Bar - Smarties"
"61.31";"2.49";"Truffle Shells - White Chocolate"
"61.31";"2.49";"Pastry - Chocolate Marble Tea"
"61.31";"2.49";"Chocolate - Liqueur Cups With Foil"
"61.31";"2.49";"Chocolate - Chips Compound"
"61.31";"2.49";"Cookie Dough - Chocolate Chip"
"61.31";"2.49";"Muffin Mix - Chocolate Chip"
"61.31";"2.49";"Chocolate - Milk, Callets"
"61.31";"2.49";"Syrup - Kahlua Chocolate"
"61.31";"2.49";"Milk - Chocolate 500ml"
"61.31";"2.49";"Chocolate Liqueur - Godet White"
"61.31";"2.49";"Godiva White Chocolate"
"61.31";"2.49";"Fond - Chocolate"
"29.64";"2.51";"Truffle Shells - White Chocolate"
"29.64";"2.51";"Pastry - Chocolate Marble Tea"
"29.64";"2.51";"Chocolate - Liqueur Cups With Foil"
"29.64";"2.51";"Chocolate - Chips Compound"
"29.64";"2.51";"Muffin Mix - Chocolate Chip"
"29.64";"2.51";"Cookie Dough - Chocolate Chip"
"29.64";"2.51";"Chocolate - Milk, Callets"
"29.64";"2.51";"Syrup - Kahlua Chocolate"
"29.64";"2.51";"Chocolate Liqueur - Godet White"
"29.64";"2.51";"Milk - Chocolate 500ml"
"29.64";"2.51";"Fond - Chocolate"
"29.64";"2.51";"Godiva White Chocolate"
"29.64";"2.51";"Fond - Chocolate"
"29.64";"2.51";"Chocolate - Pistoles, Lactee, Milk"
"29.64";"2.51";"Syrup - Kahlua Chocolate"
"29.64";"2.51";"Chocolate Bar - Smarties"
"96.02";"2.52";"Muffin Mix - Chocolate Chip"
"96.02";"2.52";"Cookie Dough - Chocolate Chip"
"47.39";"2.52";"Truffle Shells - White Chocolate"
"47.39";"2.52";"Pastry - Chocolate Marble Tea"
"96.02";"2.52";"Chocolate - Milk, Callets"
"47.39";"2.52";"Chocolate - Liqueur Cups With Foil"
"96.02";"2.52";"Syrup - Kahlua Chocolate"
"47.39";"2.52";"Chocolate - Chips Compound"
"96.02";"2.52";"Chocolate Liqueur - Godet White"
"47.39";"2.52";"Muffin Mix - Chocolate Chip"
"96.02";"2.52";"Milk - Chocolate 500ml"
"47.39";"2.52";"Cookie Dough - Chocolate Chip"
"96.02";"2.52";"Fond - Chocolate"
"47.39";"2.52";"Chocolate - Milk, Callets"
"96.02";"2.52";"Godiva White Chocolate"
"47.39";"2.52";"Syrup - Kahlua Chocolate"
"47.39";"2.52";"Chocolate Liqueur - Godet White"
"96.02";"2.52";"Fond - Chocolate"
"47.39";"2.52";"Milk - Chocolate 500ml"
"96.02";"2.52";"Chocolate - Pistoles, Lactee, Milk"
"96.02";"2.52";"Syrup - Kahlua Chocolate"
"47.39";"2.52";"Fond - Chocolate"
"47.39";"2.52";"Godiva White Chocolate"
"96.02";"2.52";"Chocolate Bar - Smarties"
"47.39";"2.52";"Fond - Chocolate"
"96.02";"2.52";"Truffle Shells - White Chocolate"
"47.39";"2.52";"Chocolate - Pistoles, Lactee, Milk"
"96.02";"2.52";"Pastry - Chocolate Marble Tea"
"47.39";"2.52";"Syrup - Kahlua Chocolate"
"96.02";"2.52";"Chocolate - Liqueur Cups With Foil"
"47.39";"2.52";"Chocolate Bar - Smarties"
"96.02";"2.52";"Chocolate - Chips Compound"
"41.07";"2.55";"Fond - Chocolate"
"41.07";"2.55";"Chocolate - Pistoles, Lactee, Milk"
"41.07";"2.55";"Syrup - Kahlua Chocolate"
"41.07";"2.55";"Chocolate Bar - Smarties"
"41.07";"2.55";"Truffle Shells - White Chocolate"
"41.07";"2.55";"Pastry - Chocolate Marble Tea"
"41.07";"2.55";"Chocolate - Liqueur Cups With Foil"
"41.07";"2.55";"Chocolate - Chips Compound"
"41.07";"2.55";"Muffin Mix - Chocolate Chip"
"41.07";"2.55";"Cookie Dough - Chocolate Chip"
"41.07";"2.55";"Chocolate - Milk, Callets"
"41.07";"2.55";"Syrup - Kahlua Chocolate"
"41.07";"2.55";"Chocolate Liqueur - Godet White"
"41.07";"2.55";"Milk - Chocolate 500ml"
"41.07";"2.55";"Fond - Chocolate"
"41.07";"2.55";"Godiva White Chocolate"
"21.55";"2.56";"Truffle Shells - White Chocolate"
"21.55";"2.56";"Pastry - Chocolate Marble Tea"
"21.55";"2.56";"Chocolate - Liqueur Cups With Foil"
"21.55";"2.56";"Chocolate - Chips Compound"
"21.55";"2.56";"Muffin Mix - Chocolate Chip"
"21.55";"2.56";"Cookie Dough - Chocolate Chip"
"21.55";"2.56";"Chocolate - Milk, Callets"
"21.55";"2.56";"Syrup - Kahlua Chocolate"
"21.55";"2.56";"Chocolate Liqueur - Godet White"
"21.55";"2.56";"Milk - Chocolate 500ml"
"21.55";"2.56";"Fond - Chocolate"
"21.55";"2.56";"Godiva White Chocolate"
"21.55";"2.56";"Fond - Chocolate"
"21.55";"2.56";"Chocolate - Pistoles, Lactee, Milk"
"21.55";"2.56";"Syrup - Kahlua Chocolate"
"21.55";"2.56";"Chocolate Bar - Smarties"
"10.09";"2.59";"Chocolate - Milk, Callets"
"10.09";"2.59";"Syrup - Kahlua Chocolate"
"12.1";"2.59";"Truffle Shells - White Chocolate"
"64.49";"2.59";"Truffle Shells - White Chocolate"
"12.1";"2.59";"Pastry - Chocolate Marble Tea"
"64.49";"2.59";"Pastry - Chocolate Marble Tea"
"10.09";"2.59";"Milk - Chocolate 500ml"
"12.1";"2.59";"Chocolate - Liqueur Cups With Foil"
"64.49";"2.59";"Chocolate - Liqueur Cups With Foil"
"10.09";"2.59";"Chocolate Liqueur - Godet White"
"12.1";"2.59";"Chocolate - Chips Compound"
"64.49";"2.59";"Chocolate - Chips Compound"
"64.49";"2.59";"Muffin Mix - Chocolate Chip"
"10.09";"2.59";"Godiva White Chocolate"
"12.1";"2.59";"Cookie Dough - Chocolate Chip"
"64.49";"2.59";"Cookie Dough - Chocolate Chip"
"10.09";"2.59";"Fond - Chocolate"
"12.1";"2.59";"Muffin Mix - Chocolate Chip"
"10.09";"2.59";"Fond - Chocolate"
"12.1";"2.59";"Chocolate - Milk, Callets"
"64.49";"2.59";"Chocolate - Milk, Callets"
"12.1";"2.59";"Syrup - Kahlua Chocolate"
"64.49";"2.59";"Syrup - Kahlua Chocolate"
"10.09";"2.59";"Chocolate - Pistoles, Lactee, Milk"
"12.1";"2.59";"Milk - Chocolate 500ml"
"64.49";"2.59";"Milk - Chocolate 500ml"
"10.09";"2.59";"Syrup - Kahlua Chocolate"
"12.1";"2.59";"Chocolate Liqueur - Godet White"
"64.49";"2.59";"Chocolate Liqueur - Godet White"
"10.09";"2.59";"Chocolate Bar - Smarties"
"64.49";"2.59";"Fond - Chocolate"
"10.09";"2.59";"Truffle Shells - White Chocolate"
"12.1";"2.59";"Godiva White Chocolate"
"64.49";"2.59";"Godiva White Chocolate"
"12.1";"2.59";"Fond - Chocolate"
"10.09";"2.59";"Pastry - Chocolate Marble Tea"
"10.09";"2.59";"Chocolate - Liqueur Cups With Foil"
"12.1";"2.59";"Fond - Chocolate"
"64.49";"2.59";"Fond - Chocolate"
"10.09";"2.59";"Chocolate - Chips Compound"
"12.1";"2.59";"Chocolate - Pistoles, Lactee, Milk"
"64.49";"2.59";"Chocolate - Pistoles, Lactee, Milk"
"10.09";"2.59";"Cookie Dough - Chocolate Chip"
"10.09";"2.59";"Muffin Mix - Chocolate Chip"
"12.1";"2.59";"Syrup - Kahlua Chocolate"
"64.49";"2.59";"Syrup - Kahlua Chocolate"
"12.1";"2.59";"Chocolate Bar - Smarties"
"64.49";"2.59";"Chocolate Bar - Smarties"
"94.01";"2.61";"Chocolate - Liqueur Cups With Foil"
"94.01";"2.61";"Chocolate - Chips Compound"
"94.01";"2.61";"Muffin Mix - Chocolate Chip"
"94.01";"2.61";"Cookie Dough - Chocolate Chip"
"94.01";"2.61";"Chocolate - Milk, Callets"
"94.01";"2.61";"Syrup - Kahlua Chocolate"
"94.01";"2.61";"Chocolate Liqueur - Godet White"
"94.01";"2.61";"Milk - Chocolate 500ml"
"94.01";"2.61";"Fond - Chocolate"
"94.01";"2.61";"Godiva White Chocolate"
"94.01";"2.61";"Fond - Chocolate"
"94.01";"2.61";"Chocolate - Pistoles, Lactee, Milk"
"94.01";"2.61";"Syrup - Kahlua Chocolate"
"94.01";"2.61";"Chocolate Bar - Smarties"
"94.01";"2.61";"Truffle Shells - White Chocolate"
"94.01";"2.61";"Pastry - Chocolate Marble Tea"
"51.09";"2.63";"Chocolate Liqueur - Godet White"
"51.09";"2.63";"Milk - Chocolate 500ml"
"51.09";"2.63";"Fond - Chocolate"
"51.09";"2.63";"Godiva White Chocolate"
"51.09";"2.63";"Fond - Chocolate"
"51.09";"2.63";"Chocolate - Pistoles, Lactee, Milk"
"51.09";"2.63";"Syrup - Kahlua Chocolate"
"51.09";"2.63";"Chocolate Bar - Smarties"
"51.09";"2.63";"Truffle Shells - White Chocolate"
"51.09";"2.63";"Pastry - Chocolate Marble Tea"
"51.09";"2.63";"Chocolate - Liqueur Cups With Foil"
"51.09";"2.63";"Chocolate - Chips Compound"
"51.09";"2.63";"Muffin Mix - Chocolate Chip"
"51.09";"2.63";"Cookie Dough - Chocolate Chip"
"51.09";"2.63";"Chocolate - Milk, Callets"
"51.09";"2.63";"Syrup - Kahlua Chocolate"
"61.14";"2.64";"Syrup - Kahlua Chocolate"
"61.14";"2.64";"Chocolate Bar - Smarties"
"61.14";"2.64";"Truffle Shells - White Chocolate"
"61.14";"2.64";"Pastry - Chocolate Marble Tea"
"61.14";"2.64";"Chocolate - Liqueur Cups With Foil"
"61.14";"2.64";"Chocolate - Chips Compound"
"61.14";"2.64";"Muffin Mix - Chocolate Chip"
"61.14";"2.64";"Cookie Dough - Chocolate Chip"
"61.14";"2.64";"Chocolate - Milk, Callets"
"61.14";"2.64";"Syrup - Kahlua Chocolate"
"61.14";"2.64";"Chocolate Liqueur - Godet White"
"61.14";"2.64";"Milk - Chocolate 500ml"
"61.14";"2.64";"Fond - Chocolate"
"61.14";"2.64";"Godiva White Chocolate"
"61.14";"2.64";"Fond - Chocolate"
"61.14";"2.64";"Chocolate - Pistoles, Lactee, Milk"
"7.72";"2.65";"Truffle Shells - White Chocolate"
"40.65";"2.65";"Truffle Shells - White Chocolate"
"7.72";"2.65";"Pastry - Chocolate Marble Tea"
"40.65";"2.65";"Pastry - Chocolate Marble Tea"
"7.72";"2.65";"Chocolate - Liqueur Cups With Foil"
"40.65";"2.65";"Chocolate - Liqueur Cups With Foil"
"7.72";"2.65";"Chocolate - Chips Compound"
"40.65";"2.65";"Chocolate - Chips Compound"
"40.65";"2.65";"Muffin Mix - Chocolate Chip"
"7.72";"2.65";"Cookie Dough - Chocolate Chip"
"40.65";"2.65";"Cookie Dough - Chocolate Chip"
"7.72";"2.65";"Muffin Mix - Chocolate Chip"
"7.72";"2.65";"Chocolate - Milk, Callets"
"40.65";"2.65";"Chocolate - Milk, Callets"
"7.72";"2.65";"Syrup - Kahlua Chocolate"
"40.65";"2.65";"Syrup - Kahlua Chocolate"
"40.65";"2.65";"Chocolate Liqueur - Godet White"
"7.72";"2.65";"Milk - Chocolate 500ml"
"40.65";"2.65";"Milk - Chocolate 500ml"
"7.72";"2.65";"Chocolate Liqueur - Godet White"
"40.65";"2.65";"Fond - Chocolate"
"7.72";"2.65";"Godiva White Chocolate"
"40.65";"2.65";"Godiva White Chocolate"
"7.72";"2.65";"Fond - Chocolate"
"7.72";"2.65";"Fond - Chocolate"
"40.65";"2.65";"Fond - Chocolate"
"7.72";"2.65";"Chocolate - Pistoles, Lactee, Milk"
"40.65";"2.65";"Chocolate - Pistoles, Lactee, Milk"
"40.65";"2.65";"Syrup - Kahlua Chocolate"
"7.72";"2.65";"Syrup - Kahlua Chocolate"
"40.65";"2.65";"Chocolate Bar - Smarties"
"7.72";"2.65";"Chocolate Bar - Smarties"
"24.87";"2.67";"Muffin Mix - Chocolate Chip"
"24.87";"2.67";"Cookie Dough - Chocolate Chip"
"6.6";"2.67";"Truffle Shells - White Chocolate"
"6.6";"2.67";"Pastry - Chocolate Marble Tea"
"24.87";"2.67";"Chocolate - Milk, Callets"
"6.6";"2.67";"Chocolate - Liqueur Cups With Foil"
"24.87";"2.67";"Syrup - Kahlua Chocolate"
"6.6";"2.67";"Chocolate - Chips Compound"
"6.6";"2.67";"Muffin Mix - Chocolate Chip"
"24.87";"2.67";"Milk - Chocolate 500ml"
"6.6";"2.67";"Cookie Dough - Chocolate Chip"
"24.87";"2.67";"Chocolate Liqueur - Godet White"
"24.87";"2.67";"Fond - Chocolate"
"6.6";"2.67";"Chocolate - Milk, Callets"
"24.87";"2.67";"Godiva White Chocolate"
"6.6";"2.67";"Syrup - Kahlua Chocolate"
"6.6";"2.67";"Chocolate Liqueur - Godet White"
"24.87";"2.67";"Fond - Chocolate"
"6.6";"2.67";"Milk - Chocolate 500ml"
"24.87";"2.67";"Chocolate - Pistoles, Lactee, Milk"
"24.87";"2.67";"Syrup - Kahlua Chocolate"
"6.6";"2.67";"Fond - Chocolate"
"6.6";"2.67";"Godiva White Chocolate"
"24.87";"2.67";"Chocolate Bar - Smarties"
"6.6";"2.67";"Fond - Chocolate"
"24.87";"2.67";"Truffle Shells - White Chocolate"
"6.6";"2.67";"Chocolate - Pistoles, Lactee, Milk"
"24.87";"2.67";"Pastry - Chocolate Marble Tea"
"6.6";"2.67";"Syrup - Kahlua Chocolate"
"24.87";"2.67";"Chocolate - Liqueur Cups With Foil"
"6.6";"2.67";"Chocolate Bar - Smarties"
"24.87";"2.67";"Chocolate - Chips Compound"
"63.77";"2.68";"Fond - Chocolate"
"63.77";"2.68";"Godiva White Chocolate"
"63.77";"2.68";"Fond - Chocolate"
"63.77";"2.68";"Chocolate - Pistoles, Lactee, Milk"
"63.77";"2.68";"Syrup - Kahlua Chocolate"
"63.77";"2.68";"Chocolate Bar - Smarties"
"63.77";"2.68";"Truffle Shells - White Chocolate"
"63.77";"2.68";"Pastry - Chocolate Marble Tea"
"63.77";"2.68";"Chocolate - Liqueur Cups With Foil"
"63.77";"2.68";"Chocolate - Chips Compound"
"63.77";"2.68";"Muffin Mix - Chocolate Chip"
"63.77";"2.68";"Cookie Dough - Chocolate Chip"
"63.77";"2.68";"Chocolate - Milk, Callets"
"63.77";"2.68";"Syrup - Kahlua Chocolate"
"63.77";"2.68";"Chocolate Liqueur - Godet White"
"63.77";"2.68";"Milk - Chocolate 500ml"
"94.86";"2.69";"Chocolate Liqueur - Godet White"
"94.86";"2.69";"Milk - Chocolate 500ml"
"33.6";"2.69";"Chocolate - Liqueur Cups With Foil"
"33.6";"2.69";"Chocolate - Chips Compound"
"94.86";"2.69";"Fond - Chocolate"
"33.6";"2.69";"Muffin Mix - Chocolate Chip"
"94.86";"2.69";"Godiva White Chocolate"
"33.6";"2.69";"Cookie Dough - Chocolate Chip"
"94.86";"2.69";"Fond - Chocolate"
"33.6";"2.69";"Chocolate - Milk, Callets"
"33.6";"2.69";"Syrup - Kahlua Chocolate"
"94.86";"2.69";"Chocolate - Pistoles, Lactee, Milk"
"94.86";"2.69";"Syrup - Kahlua Chocolate"
"33.6";"2.69";"Chocolate Liqueur - Godet White"
"33.6";"2.69";"Milk - Chocolate 500ml"
"94.86";"2.69";"Chocolate Bar - Smarties"
"33.6";"2.69";"Fond - Chocolate"
"94.86";"2.69";"Truffle Shells - White Chocolate"
"33.6";"2.69";"Godiva White Chocolate"
"94.86";"2.69";"Pastry - Chocolate Marble Tea"
"94.86";"2.69";"Chocolate - Liqueur Cups With Foil"
"33.6";"2.69";"Fond - Chocolate"
"94.86";"2.69";"Chocolate - Chips Compound"
"33.6";"2.69";"Chocolate - Pistoles, Lactee, Milk"
"94.86";"2.69";"Muffin Mix - Chocolate Chip"
"33.6";"2.69";"Syrup - Kahlua Chocolate"
"94.86";"2.69";"Cookie Dough - Chocolate Chip"
"33.6";"2.69";"Chocolate Bar - Smarties"
"94.86";"2.69";"Chocolate - Milk, Callets"
"94.86";"2.69";"Syrup - Kahlua Chocolate"
"33.6";"2.69";"Truffle Shells - White Chocolate"
"33.6";"2.69";"Pastry - Chocolate Marble Tea"
"37.45";"2.71";"Chocolate - Liqueur Cups With Foil"
"12.84";"2.71";"Godiva White Chocolate"
"12.84";"2.71";"Fond - Chocolate"
"37.45";"2.71";"Chocolate - Chips Compound"
"37.45";"2.71";"Muffin Mix - Chocolate Chip"
"12.84";"2.71";"Fond - Chocolate"
"37.45";"2.71";"Cookie Dough - Chocolate Chip"
"12.84";"2.71";"Chocolate - Pistoles, Lactee, Milk"
"37.45";"2.71";"Chocolate - Milk, Callets"
"37.45";"2.71";"Syrup - Kahlua Chocolate"
"12.84";"2.71";"Syrup - Kahlua Chocolate"
"12.84";"2.71";"Chocolate Bar - Smarties"
"37.45";"2.71";"Chocolate Liqueur - Godet White"
"37.45";"2.71";"Milk - Chocolate 500ml"
"12.84";"2.71";"Truffle Shells - White Chocolate"
"12.84";"2.71";"Pastry - Chocolate Marble Tea"
"37.45";"2.71";"Fond - Chocolate"
"12.84";"2.71";"Chocolate - Liqueur Cups With Foil"
"37.45";"2.71";"Godiva White Chocolate"
"12.84";"2.71";"Chocolate - Chips Compound"
"37.45";"2.71";"Fond - Chocolate"
"12.84";"2.71";"Cookie Dough - Chocolate Chip"
"12.84";"2.71";"Muffin Mix - Chocolate Chip"
"37.45";"2.71";"Chocolate - Pistoles, Lactee, Milk"
"37.45";"2.71";"Syrup - Kahlua Chocolate"
"12.84";"2.71";"Chocolate - Milk, Callets"
"12.84";"2.71";"Syrup - Kahlua Chocolate"
"37.45";"2.71";"Chocolate Bar - Smarties"
"12.84";"2.71";"Milk - Chocolate 500ml"
"37.45";"2.71";"Truffle Shells - White Chocolate"
"12.84";"2.71";"Chocolate Liqueur - Godet White"
"37.45";"2.71";"Pastry - Chocolate Marble Tea"
"75.74";"2.73";"Muffin Mix - Chocolate Chip"
"71.15";"2.73";"Fond - Chocolate"
"75.74";"2.73";"Cookie Dough - Chocolate Chip"
"71.15";"2.73";"Godiva White Chocolate"
"75.74";"2.73";"Chocolate - Milk, Callets"
"71.15";"2.73";"Fond - Chocolate"
"75.74";"2.73";"Syrup - Kahlua Chocolate"
"71.15";"2.73";"Chocolate - Pistoles, Lactee, Milk"
"75.74";"2.73";"Chocolate Liqueur - Godet White"
"71.15";"2.73";"Syrup - Kahlua Chocolate"
"75.74";"2.73";"Milk - Chocolate 500ml"
"71.15";"2.73";"Chocolate Bar - Smarties"
"75.74";"2.73";"Fond - Chocolate"
"75.74";"2.73";"Godiva White Chocolate"
"71.15";"2.73";"Truffle Shells - White Chocolate"
"71.15";"2.73";"Pastry - Chocolate Marble Tea"
"75.74";"2.73";"Fond - Chocolate"
"71.15";"2.73";"Chocolate - Liqueur Cups With Foil"
"75.74";"2.73";"Chocolate - Pistoles, Lactee, Milk"
"71.15";"2.73";"Chocolate - Chips Compound"
"75.74";"2.73";"Syrup - Kahlua Chocolate"
"71.15";"2.73";"Muffin Mix - Chocolate Chip"
"71.15";"2.73";"Cookie Dough - Chocolate Chip"
"75.74";"2.73";"Chocolate Bar - Smarties"
"71.15";"2.73";"Chocolate - Milk, Callets"
"75.74";"2.73";"Truffle Shells - White Chocolate"
"71.15";"2.73";"Syrup - Kahlua Chocolate"
"75.74";"2.73";"Pastry - Chocolate Marble Tea"
"71.15";"2.73";"Chocolate Liqueur - Godet White"
"75.74";"2.73";"Chocolate - Liqueur Cups With Foil"
"71.15";"2.73";"Milk - Chocolate 500ml"
"75.74";"2.73";"Chocolate - Chips Compound"
"14.14";"2.74";"Chocolate Liqueur - Godet White"
"56.03";"2.74";"Syrup - Kahlua Chocolate"
"14.14";"2.74";"Milk - Chocolate 500ml"
"56.03";"2.74";"Chocolate Bar - Smarties"
"14.14";"2.74";"Fond - Chocolate"
"14.14";"2.74";"Godiva White Chocolate"
"56.03";"2.74";"Truffle Shells - White Chocolate"
"56.03";"2.74";"Pastry - Chocolate Marble Tea"
"14.14";"2.74";"Fond - Chocolate"
"56.03";"2.74";"Chocolate - Liqueur Cups With Foil"
"14.14";"2.74";"Chocolate - Pistoles, Lactee, Milk"
"56.03";"2.74";"Chocolate - Chips Compound"
"14.14";"2.74";"Syrup - Kahlua Chocolate"
"56.03";"2.74";"Muffin Mix - Chocolate Chip"
"14.14";"2.74";"Chocolate Bar - Smarties"
"56.03";"2.74";"Cookie Dough - Chocolate Chip"
"56.03";"2.74";"Chocolate - Milk, Callets"
"14.14";"2.74";"Truffle Shells - White Chocolate"
"56.03";"2.74";"Syrup - Kahlua Chocolate"
"14.14";"2.74";"Pastry - Chocolate Marble Tea"
"56.03";"2.74";"Chocolate Liqueur - Godet White"
"14.14";"2.74";"Chocolate - Liqueur Cups With Foil"
"56.03";"2.74";"Milk - Chocolate 500ml"
"14.14";"2.74";"Chocolate - Chips Compound"
"14.14";"2.74";"Muffin Mix - Chocolate Chip"
"56.03";"2.74";"Fond - Chocolate"
"14.14";"2.74";"Cookie Dough - Chocolate Chip"
"56.03";"2.74";"Godiva White Chocolate"
"14.14";"2.74";"Chocolate - Milk, Callets"
"56.03";"2.74";"Fond - Chocolate"
"14.14";"2.74";"Syrup - Kahlua Chocolate"
"56.03";"2.74";"Chocolate - Pistoles, Lactee, Milk"
"40.73";"2.75";"Fond - Chocolate"
"60.27";"2.75";"Chocolate - Liqueur Cups With Foil"
"33.15";"2.75";"Chocolate - Milk, Callets"
"19.87";"2.75";"Truffle Shells - White Chocolate"
"40.73";"2.75";"Godiva White Chocolate"
"33.15";"2.75";"Syrup - Kahlua Chocolate"
"60.27";"2.75";"Chocolate - Chips Compound"
"19.87";"2.75";"Pastry - Chocolate Marble Tea"
"60.27";"2.75";"Muffin Mix - Chocolate Chip"
"33.15";"2.75";"Chocolate Liqueur - Godet White"
"19.87";"2.75";"Chocolate - Liqueur Cups With Foil"
"40.73";"2.75";"Fond - Chocolate"
"33.15";"2.75";"Milk - Chocolate 500ml"
"60.27";"2.75";"Cookie Dough - Chocolate Chip"
"19.87";"2.75";"Chocolate - Chips Compound"
"40.73";"2.75";"Chocolate - Pistoles, Lactee, Milk"
"19.87";"2.75";"Muffin Mix - Chocolate Chip"
"40.73";"2.75";"Syrup - Kahlua Chocolate"
"33.15";"2.75";"Fond - Chocolate"
"60.27";"2.75";"Chocolate - Milk, Callets"
"19.87";"2.75";"Cookie Dough - Chocolate Chip"
"60.27";"2.75";"Syrup - Kahlua Chocolate"
"33.15";"2.75";"Godiva White Chocolate"
"40.73";"2.75";"Chocolate Bar - Smarties"
"60.27";"2.75";"Chocolate Liqueur - Godet White"
"19.87";"2.75";"Chocolate - Milk, Callets"
"60.27";"2.75";"Milk - Chocolate 500ml"
"33.15";"2.75";"Fond - Chocolate"
"19.87";"2.75";"Syrup - Kahlua Chocolate"
"40.73";"2.75";"Truffle Shells - White Chocolate"
"33.15";"2.75";"Chocolate - Pistoles, Lactee, Milk"
"40.73";"2.75";"Pastry - Chocolate Marble Tea"
"19.87";"2.75";"Chocolate Liqueur - Godet White"
"60.27";"2.75";"Fond - Chocolate"
"33.15";"2.75";"Syrup - Kahlua Chocolate"
"19.87";"2.75";"Milk - Chocolate 500ml"
"40.73";"2.75";"Chocolate - Liqueur Cups With Foil"
"60.27";"2.75";"Godiva White Chocolate"
"33.15";"2.75";"Chocolate Bar - Smarties"
"40.73";"2.75";"Chocolate - Chips Compound"
"19.87";"2.75";"Fond - Chocolate"
"40.73";"2.75";"Muffin Mix - Chocolate Chip"
"60.27";"2.75";"Fond - Chocolate"
"19.87";"2.75";"Godiva White Chocolate"
"40.73";"2.75";"Cookie Dough - Chocolate Chip"
"33.15";"2.75";"Truffle Shells - White Chocolate"
"60.27";"2.75";"Chocolate - Pistoles, Lactee, Milk"
"33.15";"2.75";"Pastry - Chocolate Marble Tea"
"60.27";"2.75";"Syrup - Kahlua Chocolate"
"19.87";"2.75";"Fond - Chocolate"
"40.73";"2.75";"Chocolate - Milk, Callets"
"33.15";"2.75";"Chocolate - Liqueur Cups With Foil"
"40.73";"2.75";"Syrup - Kahlua Chocolate"
"60.27";"2.75";"Chocolate Bar - Smarties"
"19.87";"2.75";"Chocolate - Pistoles, Lactee, Milk"
"33.15";"2.75";"Chocolate - Chips Compound"
"19.87";"2.75";"Syrup - Kahlua Chocolate"
"40.73";"2.75";"Chocolate Liqueur - Godet White"
"33.15";"2.75";"Muffin Mix - Chocolate Chip"
"40.73";"2.75";"Milk - Chocolate 500ml"
"60.27";"2.75";"Truffle Shells - White Chocolate"
"33.15";"2.75";"Cookie Dough - Chocolate Chip"
"19.87";"2.75";"Chocolate Bar - Smarties"
"60.27";"2.75";"Pastry - Chocolate Marble Tea"
"31.98";"2.77";"Chocolate - Milk, Callets"
"8.53";"2.77";"Chocolate - Milk, Callets"
"31.98";"2.77";"Syrup - Kahlua Chocolate"
"8.53";"2.77";"Syrup - Kahlua Chocolate"
"31.98";"2.77";"Chocolate Liqueur - Godet White"
"8.53";"2.77";"Chocolate Liqueur - Godet White"
"31.98";"2.77";"Milk - Chocolate 500ml"
"8.53";"2.77";"Milk - Chocolate 500ml"
"31.98";"2.77";"Fond - Chocolate"
"8.53";"2.77";"Fond - Chocolate"
"31.98";"2.77";"Godiva White Chocolate"
"8.53";"2.77";"Godiva White Chocolate"
"31.98";"2.77";"Fond - Chocolate"
"8.53";"2.77";"Fond - Chocolate"
"31.98";"2.77";"Chocolate - Pistoles, Lactee, Milk"
"8.53";"2.77";"Chocolate - Pistoles, Lactee, Milk"
"31.98";"2.77";"Syrup - Kahlua Chocolate"
"8.53";"2.77";"Syrup - Kahlua Chocolate"
"31.98";"2.77";"Chocolate Bar - Smarties"
"8.53";"2.77";"Chocolate Bar - Smarties"
"31.98";"2.77";"Truffle Shells - White Chocolate"
"8.53";"2.77";"Truffle Shells - White Chocolate"
"31.98";"2.77";"Pastry - Chocolate Marble Tea"
"8.53";"2.77";"Pastry - Chocolate Marble Tea"
"31.98";"2.77";"Chocolate - Liqueur Cups With Foil"
"8.53";"2.77";"Chocolate - Liqueur Cups With Foil"
"31.98";"2.77";"Chocolate - Chips Compound"
"8.53";"2.77";"Chocolate - Chips Compound"
"31.98";"2.77";"Muffin Mix - Chocolate Chip"
"8.53";"2.77";"Muffin Mix - Chocolate Chip"
"31.98";"2.77";"Cookie Dough - Chocolate Chip"
"8.53";"2.77";"Cookie Dough - Chocolate Chip"
"14.89";"2.79";"Chocolate - Milk, Callets"
"14.89";"2.79";"Syrup - Kahlua Chocolate"
"46.57";"2.79";"Syrup - Kahlua Chocolate"
"46.57";"2.79";"Chocolate Bar - Smarties"
"14.89";"2.79";"Chocolate Liqueur - Godet White"
"14.89";"2.79";"Milk - Chocolate 500ml"
"46.57";"2.79";"Truffle Shells - White Chocolate"
"46.57";"2.79";"Pastry - Chocolate Marble Tea"
"14.89";"2.79";"Fond - Chocolate"
"46.57";"2.79";"Chocolate - Liqueur Cups With Foil"
"14.89";"2.79";"Godiva White Chocolate"
"46.57";"2.79";"Chocolate - Chips Compound"
"14.89";"2.79";"Fond - Chocolate"
"46.57";"2.79";"Cookie Dough - Chocolate Chip"
"46.57";"2.79";"Muffin Mix - Chocolate Chip"
"14.89";"2.79";"Chocolate - Pistoles, Lactee, Milk"
"14.89";"2.79";"Syrup - Kahlua Chocolate"
"46.57";"2.79";"Chocolate - Milk, Callets"
"46.57";"2.79";"Syrup - Kahlua Chocolate"
"14.89";"2.79";"Chocolate Bar - Smarties"
"46.57";"2.79";"Milk - Chocolate 500ml"
"14.89";"2.79";"Truffle Shells - White Chocolate"
"46.57";"2.79";"Chocolate Liqueur - Godet White"
"14.89";"2.79";"Pastry - Chocolate Marble Tea"
"14.89";"2.79";"Chocolate - Liqueur Cups With Foil"
"46.57";"2.79";"Godiva White Chocolate"
"46.57";"2.79";"Fond - Chocolate"
"14.89";"2.79";"Chocolate - Chips Compound"
"14.89";"2.79";"Muffin Mix - Chocolate Chip"
"46.57";"2.79";"Fond - Chocolate"
"14.89";"2.79";"Cookie Dough - Chocolate Chip"
"46.57";"2.79";"Chocolate - Pistoles, Lactee, Milk"
"16.58";"2.81";"Muffin Mix - Chocolate Chip"
"16.58";"2.81";"Cookie Dough - Chocolate Chip"
"16.58";"2.81";"Chocolate - Milk, Callets"
"16.58";"2.81";"Syrup - Kahlua Chocolate"
"16.58";"2.81";"Chocolate Liqueur - Godet White"
"16.58";"2.81";"Milk - Chocolate 500ml"
"16.58";"2.81";"Fond - Chocolate"
"16.58";"2.81";"Godiva White Chocolate"
"16.58";"2.81";"Fond - Chocolate"
"16.58";"2.81";"Chocolate - Pistoles, Lactee, Milk"
"16.58";"2.81";"Syrup - Kahlua Chocolate"
"16.58";"2.81";"Chocolate Bar - Smarties"
"16.58";"2.81";"Truffle Shells - White Chocolate"
"16.58";"2.81";"Pastry - Chocolate Marble Tea"
"16.58";"2.81";"Chocolate - Liqueur Cups With Foil"
"16.58";"2.81";"Chocolate - Chips Compound"
"54";"2.82";"Syrup - Kahlua Chocolate"
"54";"2.82";"Chocolate Bar - Smarties"
"54";"2.82";"Truffle Shells - White Chocolate"
"54";"2.82";"Pastry - Chocolate Marble Tea"
"54";"2.82";"Chocolate - Liqueur Cups With Foil"
"54";"2.82";"Chocolate - Chips Compound"
"54";"2.82";"Muffin Mix - Chocolate Chip"
"54";"2.82";"Cookie Dough - Chocolate Chip"
"54";"2.82";"Chocolate - Milk, Callets"
"54";"2.82";"Syrup - Kahlua Chocolate"
"54";"2.82";"Chocolate Liqueur - Godet White"
"54";"2.82";"Milk - Chocolate 500ml"
"54";"2.82";"Fond - Chocolate"
"54";"2.82";"Godiva White Chocolate"
"54";"2.82";"Fond - Chocolate"
"54";"2.82";"Chocolate - Pistoles, Lactee, Milk"
"12.24";"2.83";"Chocolate Liqueur - Godet White"
"12.24";"2.83";"Milk - Chocolate 500ml"
"12.24";"2.83";"Fond - Chocolate"
"12.24";"2.83";"Godiva White Chocolate"
"12.24";"2.83";"Fond - Chocolate"
"12.24";"2.83";"Chocolate - Pistoles, Lactee, Milk"
"12.24";"2.83";"Syrup - Kahlua Chocolate"
"12.24";"2.83";"Chocolate Bar - Smarties"
"12.24";"2.83";"Truffle Shells - White Chocolate"
"12.24";"2.83";"Pastry - Chocolate Marble Tea"
"12.24";"2.83";"Chocolate - Liqueur Cups With Foil"
"12.24";"2.83";"Chocolate - Chips Compound"
"12.24";"2.83";"Muffin Mix - Chocolate Chip"
"12.24";"2.83";"Cookie Dough - Chocolate Chip"
"12.24";"2.83";"Chocolate - Milk, Callets"
"12.24";"2.83";"Syrup - Kahlua Chocolate"
"42.64";"2.85";"Fond - Chocolate"
"42.64";"2.85";"Chocolate - Pistoles, Lactee, Milk"
"42.64";"2.85";"Syrup - Kahlua Chocolate"
"42.64";"2.85";"Chocolate Bar - Smarties"
"42.64";"2.85";"Truffle Shells - White Chocolate"
"42.64";"2.85";"Pastry - Chocolate Marble Tea"
"42.64";"2.85";"Chocolate - Liqueur Cups With Foil"
"42.64";"2.85";"Chocolate - Chips Compound"
"42.64";"2.85";"Muffin Mix - Chocolate Chip"
"42.64";"2.85";"Cookie Dough - Chocolate Chip"
"42.64";"2.85";"Chocolate - Milk, Callets"
"42.64";"2.85";"Syrup - Kahlua Chocolate"
"42.64";"2.85";"Chocolate Liqueur - Godet White"
"42.64";"2.85";"Milk - Chocolate 500ml"
"42.64";"2.85";"Fond - Chocolate"
"42.64";"2.85";"Godiva White Chocolate"
"7.79";"2.86";"Muffin Mix - Chocolate Chip"
"7.79";"2.86";"Cookie Dough - Chocolate Chip"
"7.79";"2.86";"Chocolate - Milk, Callets"
"7.79";"2.86";"Syrup - Kahlua Chocolate"
"7.79";"2.86";"Chocolate Liqueur - Godet White"
"7.79";"2.86";"Milk - Chocolate 500ml"
"7.79";"2.86";"Fond - Chocolate"
"7.79";"2.86";"Godiva White Chocolate"
"7.79";"2.86";"Fond - Chocolate"
"7.79";"2.86";"Chocolate - Pistoles, Lactee, Milk"
"7.79";"2.86";"Syrup - Kahlua Chocolate"
"7.79";"2.86";"Chocolate Bar - Smarties"
"7.79";"2.86";"Truffle Shells - White Chocolate"
"7.79";"2.86";"Pastry - Chocolate Marble Tea"
"7.79";"2.86";"Chocolate - Liqueur Cups With Foil"
"7.79";"2.86";"Chocolate - Chips Compound"
"10.6";"2.87";"Syrup - Kahlua Chocolate"
"94.47";"2.87";"Chocolate - Milk, Callets"
"94.47";"2.87";"Syrup - Kahlua Chocolate"
"10.6";"2.87";"Chocolate Bar - Smarties"
"94.47";"2.87";"Chocolate Liqueur - Godet White"
"94.47";"2.87";"Milk - Chocolate 500ml"
"10.6";"2.87";"Truffle Shells - White Chocolate"
"10.6";"2.87";"Pastry - Chocolate Marble Tea"
"94.47";"2.87";"Fond - Chocolate"
"10.6";"2.87";"Chocolate - Liqueur Cups With Foil"
"94.47";"2.87";"Godiva White Chocolate"
"10.6";"2.87";"Chocolate - Chips Compound"
"10.6";"2.87";"Muffin Mix - Chocolate Chip"
"94.47";"2.87";"Fond - Chocolate"
"10.6";"2.87";"Cookie Dough - Chocolate Chip"
"94.47";"2.87";"Chocolate - Pistoles, Lactee, Milk"
"94.47";"2.87";"Syrup - Kahlua Chocolate"
"10.6";"2.87";"Chocolate - Milk, Callets"
"10.6";"2.87";"Syrup - Kahlua Chocolate"
"94.47";"2.87";"Chocolate Bar - Smarties"
"10.6";"2.87";"Chocolate Liqueur - Godet White"
"10.6";"2.87";"Milk - Chocolate 500ml"
"94.47";"2.87";"Truffle Shells - White Chocolate"
"94.47";"2.87";"Pastry - Chocolate Marble Tea"
"10.6";"2.87";"Fond - Chocolate"
"94.47";"2.87";"Chocolate - Liqueur Cups With Foil"
"10.6";"2.87";"Godiva White Chocolate"
"94.47";"2.87";"Chocolate - Chips Compound"
"94.47";"2.87";"Muffin Mix - Chocolate Chip"
"10.6";"2.87";"Fond - Chocolate"
"94.47";"2.87";"Cookie Dough - Chocolate Chip"
"10.6";"2.87";"Chocolate - Pistoles, Lactee, Milk"
"22.85";"2.93";"Chocolate Liqueur - Godet White"
"22.85";"2.93";"Milk - Chocolate 500ml"
"48";"2.93";"Syrup - Kahlua Chocolate"
"48";"2.93";"Chocolate Bar - Smarties"
"22.85";"2.93";"Fond - Chocolate"
"48";"2.93";"Truffle Shells - White Chocolate"
"22.85";"2.93";"Godiva White Chocolate"
"48";"2.93";"Pastry - Chocolate Marble Tea"
"48";"2.93";"Chocolate - Liqueur Cups With Foil"
"22.85";"2.93";"Fond - Chocolate"
"48";"2.93";"Chocolate - Chips Compound"
"22.85";"2.93";"Chocolate - Pistoles, Lactee, Milk"
"22.85";"2.93";"Syrup - Kahlua Chocolate"
"48";"2.93";"Cookie Dough - Chocolate Chip"
"48";"2.93";"Muffin Mix - Chocolate Chip"
"22.85";"2.93";"Chocolate Bar - Smarties"
"48";"2.93";"Chocolate - Milk, Callets"
"48";"2.93";"Syrup - Kahlua Chocolate"
"22.85";"2.93";"Truffle Shells - White Chocolate"
"22.85";"2.93";"Pastry - Chocolate Marble Tea"
"48";"2.93";"Milk - Chocolate 500ml"
"22.85";"2.93";"Chocolate - Liqueur Cups With Foil"
"48";"2.93";"Chocolate Liqueur - Godet White"
"22.85";"2.93";"Chocolate - Chips Compound"
"22.85";"2.93";"Muffin Mix - Chocolate Chip"
"48";"2.93";"Godiva White Chocolate"
"22.85";"2.93";"Cookie Dough - Chocolate Chip"
"48";"2.93";"Fond - Chocolate"
"48";"2.93";"Fond - Chocolate"
"22.85";"2.93";"Chocolate - Milk, Callets"
"22.85";"2.93";"Syrup - Kahlua Chocolate"
"48";"2.93";"Chocolate - Pistoles, Lactee, Milk"
"39.25";"2.94";"Syrup - Kahlua Chocolate"
"39.25";"2.94";"Chocolate Bar - Smarties"
"39.25";"2.94";"Truffle Shells - White Chocolate"
"39.25";"2.94";"Pastry - Chocolate Marble Tea"
"39.25";"2.94";"Chocolate - Liqueur Cups With Foil"
"39.25";"2.94";"Chocolate - Chips Compound"
"39.25";"2.94";"Muffin Mix - Chocolate Chip"
"39.25";"2.94";"Cookie Dough - Chocolate Chip"
"39.25";"2.94";"Chocolate - Milk, Callets"
"39.25";"2.94";"Syrup - Kahlua Chocolate"
"39.25";"2.94";"Chocolate Liqueur - Godet White"
"39.25";"2.94";"Milk - Chocolate 500ml"
"39.25";"2.94";"Fond - Chocolate"
"39.25";"2.94";"Godiva White Chocolate"
"39.25";"2.94";"Fond - Chocolate"
"39.25";"2.94";"Chocolate - Pistoles, Lactee, Milk"
"52.43";"2.96";"Chocolate - Milk, Callets"
"52.43";"2.96";"Syrup - Kahlua Chocolate"
"52.43";"2.96";"Chocolate Liqueur - Godet White"
"52.43";"2.96";"Milk - Chocolate 500ml"
"52.43";"2.96";"Fond - Chocolate"
"52.43";"2.96";"Godiva White Chocolate"
"52.43";"2.96";"Fond - Chocolate"
"52.43";"2.96";"Chocolate - Pistoles, Lactee, Milk"
"52.43";"2.96";"Syrup - Kahlua Chocolate"
"52.43";"2.96";"Chocolate Bar - Smarties"
"52.43";"2.96";"Truffle Shells - White Chocolate"
"52.43";"2.96";"Pastry - Chocolate Marble Tea"
"52.43";"2.96";"Chocolate - Liqueur Cups With Foil"
"52.43";"2.96";"Chocolate - Chips Compound"
"52.43";"2.96";"Muffin Mix - Chocolate Chip"
"52.43";"2.96";"Cookie Dough - Chocolate Chip"
"47.34";"2.97";"Chocolate - Milk, Callets"
"67.68";"2.97";"Chocolate - Liqueur Cups With Foil"
"47.34";"2.97";"Syrup - Kahlua Chocolate"
"67.68";"2.97";"Chocolate - Chips Compound"
"67.68";"2.97";"Muffin Mix - Chocolate Chip"
"47.34";"2.97";"Milk - Chocolate 500ml"
"67.68";"2.97";"Cookie Dough - Chocolate Chip"
"47.34";"2.97";"Chocolate Liqueur - Godet White"
"67.68";"2.97";"Chocolate - Milk, Callets"
"47.34";"2.97";"Godiva White Chocolate"
"67.68";"2.97";"Syrup - Kahlua Chocolate"
"47.34";"2.97";"Fond - Chocolate"
"67.68";"2.97";"Chocolate Liqueur - Godet White"
"47.34";"2.97";"Fond - Chocolate"
"67.68";"2.97";"Milk - Chocolate 500ml"
"47.34";"2.97";"Chocolate - Pistoles, Lactee, Milk"
"67.68";"2.97";"Fond - Chocolate"
"67.68";"2.97";"Godiva White Chocolate"
"47.34";"2.97";"Syrup - Kahlua Chocolate"
"47.34";"2.97";"Chocolate Bar - Smarties"
"67.68";"2.97";"Fond - Chocolate"
"47.34";"2.97";"Truffle Shells - White Chocolate"
"67.68";"2.97";"Chocolate - Pistoles, Lactee, Milk"
"47.34";"2.97";"Pastry - Chocolate Marble Tea"
"67.68";"2.97";"Syrup - Kahlua Chocolate"
"47.34";"2.97";"Chocolate - Liqueur Cups With Foil"
"67.68";"2.97";"Chocolate Bar - Smarties"
"47.34";"2.97";"Chocolate - Chips Compound"
"47.34";"2.97";"Cookie Dough - Chocolate Chip"
"67.68";"2.97";"Truffle Shells - White Chocolate"
"47.34";"2.97";"Muffin Mix - Chocolate Chip"
"67.68";"2.97";"Pastry - Chocolate Marble Tea"
"92.86";"2.99";"Chocolate Liqueur - Godet White"
"59.47";"2.99";"Chocolate - Milk, Callets"
"92.86";"2.99";"Milk - Chocolate 500ml"
"59.47";"2.99";"Syrup - Kahlua Chocolate"
"59.47";"2.99";"Chocolate Liqueur - Godet White"
"92.86";"2.99";"Fond - Chocolate"
"59.47";"2.99";"Milk - Chocolate 500ml"
"92.86";"2.99";"Godiva White Chocolate"
"59.47";"2.99";"Fond - Chocolate"
"92.86";"2.99";"Fond - Chocolate"
"59.47";"2.99";"Godiva White Chocolate"
"92.86";"2.99";"Chocolate - Pistoles, Lactee, Milk"
"92.86";"2.99";"Syrup - Kahlua Chocolate"
"59.47";"2.99";"Fond - Chocolate"
"92.86";"2.99";"Chocolate Bar - Smarties"
"59.47";"2.99";"Chocolate - Pistoles, Lactee, Milk"
"59.47";"2.99";"Syrup - Kahlua Chocolate"
"92.86";"2.99";"Truffle Shells - White Chocolate"
"59.47";"2.99";"Chocolate Bar - Smarties"
"92.86";"2.99";"Pastry - Chocolate Marble Tea"
"92.86";"2.99";"Chocolate - Liqueur Cups With Foil"
"59.47";"2.99";"Truffle Shells - White Chocolate"
"92.86";"2.99";"Chocolate - Chips Compound"
"59.47";"2.99";"Pastry - Chocolate Marble Tea"
"92.86";"2.99";"Muffin Mix - Chocolate Chip"
"59.47";"2.99";"Chocolate - Liqueur Cups With Foil"
"92.86";"2.99";"Cookie Dough - Chocolate Chip"
"59.47";"2.99";"Chocolate - Chips Compound"
"59.47";"2.99";"Muffin Mix - Chocolate Chip"
"92.86";"2.99";"Chocolate - Milk, Callets"
"59.47";"2.99";"Cookie Dough - Chocolate Chip"
"92.86";"2.99";"Syrup - Kahlua Chocolate"
