nom_producto;cantidad_entrada;fecha_devoluciones;;;;;;;;;
Rum - Dark, Bacardi, Black;95.18;10/12/2022;;;;;;;;;
Rum - Dark, Bacardi, Black;97.27;10/12/2022;;;;;;;;;
Fiddlehead - Frozen;61.73;29/10/2022;;;;;;;;;
Energy Drink;66.83;23/12/2019;;;;;;;;;
Mousse - Mango;25.44;12/02/2023;;;;;;;;;
Mousse - Mango;61.14;12/02/2023;;;;;;;;;
Mousse - Mango;70.8;12/02/2023;;;Cuenta de cantidad_entrada;Etiquetas de columna;;;;;
Pasta - Penne, Rigate, Dry;89.8;09/03/2022;;;Etiquetas de fila;2019;2020;2021;2022;2023;Total general
The Pop Shoppe - Root Beer;31.98;15/07/2019;;;Trim.1;58;54;49;51;51;263
The Pop Shoppe - Root Beer;94.45;15/07/2019;;;Trim.2;58;58;56;33;43;248
The Pop Shoppe - Root Beer;90.97;15/07/2019;;;Trim.3;47;44;62;77;46;276
Iced Tea - Lemon, 460 Ml;24.53;02/08/2020;;;Trim.4;44;34;36;41;36;191
Pasta - Fettuccine, Dry;38.07;21/06/2021;;;Total general;207;190;203;202;176;978
Bread - Pita, Mini;74.9;23/11/2020;;;;;;;;;
Glass - Wine, Plastic, Clear 5 Oz;5.41;20/07/2019;;;;;;;;;
Glass - Wine, Plastic, Clear 5 Oz;82.58;20/07/2019;;;;;;;;;
Currants;15.58;17/02/2019;;;;;;;;;
Currants;62.47;17/02/2019;;;;;;;;;
Pepper - Green, Chili;35.7;28/11/2021;;;;;;;;;
Pepper - Green, Chili;19.45;28/11/2021;;;;;;;;;
Mayonnaise - Individual Pkg;55.3;08/01/2019;;;;;;;;;
Mayonnaise - Individual Pkg;35.21;08/01/2019;;;;;;;;;
Beans - Wax;92.65;04/05/2023;;;;;;;;;
Scallops - In Shell;68.6;29/01/2020;;;;;;;;;
Capers - Pickled;4.55;23/04/2022;;;;;;;;;
Papadam;26.48;30/08/2022;;;;;;;;;
Rum - Light, Captain Morgan;71.95;13/12/2022;;;;;;;;;
Pastry - Mini French Pastries;17.8;14/08/2023;;;;;;;;;
Pastry - Mini French Pastries;87.53;14/08/2023;;;;;;;;;
Pastry - Mini French Pastries;11.93;14/08/2023;;;;;;;;;
Hinge W Undercut;60.18;27/12/2020;;;;;;;;;
Tomatoes - Vine Ripe, Yellow;78.96;20/07/2021;;;;;;;;;
Butter Ripple - Phillips;34.08;01/05/2021;;;;;;;;;
Broom And Brush Rack Black;59.83;04/06/2019;;;;;;;;;
Broom And Brush Rack Black;10.6;04/06/2019;;;;;;;;;
Broom And Brush Rack Black;51.99;04/06/2019;;;;;;;;;
Versatainer Nc - 8288;93.48;24/05/2023;;;;;;;;;
Versatainer Nc - 8288;8.34;24/05/2023;;;;;;;;;
The Pop Shoppe - Grape;27.92;28/07/2020;;;;;;;;;
The Pop Shoppe - Grape;77.44;28/07/2020;;;;;;;;;
Cheese - Gorgonzola;12.88;12/02/2019;;;;;;;;;
Flavouring - Rum;49.89;30/03/2022;;;;;;;;;
Fish - Base, Bouillion;19.96;01/12/2022;;;;;;;;;
Fish - Base, Bouillion;29.47;01/12/2022;;;;;;;;;
Sproutsmustard Cress;95.11;22/04/2023;;;;;;;;;
Capon - Breast, Double, Wing On;23.52;07/02/2019;;;;;;;;;
Capon - Breast, Double, Wing On;63.34;07/02/2019;;;;;;;;;
Capon - Breast, Double, Wing On;4.2;07/02/2019;;;;;;;;;
Pastry - Cheese Baked Scones;71.39;09/04/2020;;;;;;;;;
Shark - Loin;72.01;25/05/2020;;;;;;;;;
Guinea Fowl;67.7;13/02/2022;;;;;;;;;
Toamtoes 6x7 Select;58.55;18/04/2020;;;;;;;;;
Soup Campbells Split Pea And Ham;81.76;11/02/2022;;;;;;;;;
Tea - Lemon Scented;72.41;07/05/2020;;;;;;;;;
Bacardi Limon;99.24;16/08/2022;;;;;;;;;
Bacardi Limon;34.62;16/08/2022;;;;;;;;;
Boogies;64.49;01/11/2021;;;;;;;;;
Boogies;18.91;01/11/2021;;;;;;;;;
Boogies;63.4;01/11/2021;;;;;;;;;
Kiwi Gold Zespri;48.06;26/04/2023;;;;;;;;;
Kiwi Gold Zespri;62.48;26/04/2023;;;;;;;;;
Gatorade - Orange;58.08;24/09/2019;;;;;;;;;
Sugar - Crumb;39.91;20/01/2022;;;;;;;;;
Sugar - Crumb;50.56;20/01/2022;;;;;;;;;
Sugar - Crumb;29.72;20/01/2022;;;;;;;;;
Pastry - Cheese Baked Scones;59.99;14/03/2020;;;;;;;;;
Cheese - Cheddar, Old White;51.65;09/01/2020;;;;;;;;;
Lotus Root;10.09;18/07/2023;;;;;;;;;
Lotus Root;91.67;18/07/2023;;;;;;;;;
Shiratamako - Rice Flour;49.7;27/02/2019;;;;;;;;;
Cookie Trail Mix;8.75;21/09/2022;;;;;;;;;
Cookie Trail Mix;31.92;21/09/2022;;;;;;;;;
Thyme - Fresh;64.25;29/03/2023;;;;;;;;;
Thyme - Fresh;89,00;29/03/2023;;;;;;;;;
Kiwi Gold Zespri;48.06;29/06/2019;;;;;;;;;
Kiwi Gold Zespri;62.48;29/06/2019;;;;;;;;;
Celery Root;65.17;06/02/2023;;;;;;;;;
Goulash Seasoning;16.48;28/04/2022;;;;;;;;;
Island Oasis - Mango Daiquiri;48.82;06/05/2020;;;;;;;;;
Island Oasis - Mango Daiquiri;78.01;06/05/2020;;;;;;;;;
Island Oasis - Mango Daiquiri;86.28;06/05/2020;;;;;;;;;
Island Oasis - Mango Daiquiri;6.7;06/05/2020;;;;;;;;;
Corn Kernels - Frozen;30.91;20/04/2020;;;;;;;;;
Wine - Cahors Ac 2000, Clos;88.53;23/08/2022;;;;;;;;;
Wine - Cahors Ac 2000, Clos;36.03;23/08/2022;;;;;;;;;
Pork - Tenderloin, Frozen;74.47;10/02/2021;;;;;;;;;
Pork - Tenderloin, Frozen;56.03;10/02/2021;;;;;;;;;
Pork - Tenderloin, Frozen;54.04;10/02/2021;;;;;;;;;
Wine - Riesling Alsace Ac 2001;53.98;17/01/2023;;;;;;;;;
Wine - Riesling Alsace Ac 2001;96.3;17/01/2023;;;;;;;;;
Fish - Atlantic Salmon, Cold;16.81;10/09/2020;;;;;;;;;
Wine - Red, Colio Cabernet;2,00;31/10/2020;;;;;;;;;
Wine - Red, Colio Cabernet;18.28;31/10/2020;;;;;;;;;
Brocolinni - Gaylan, Chinese;64.87;24/04/2023;;;;;;;;;
Tequila Rose Cream Liquor;84.04;31/03/2019;;;;;;;;;
Pasta - Gnocchi, Potato;64.25;07/03/2021;;;;;;;;;
Pasta - Gnocchi, Potato;5.92;07/03/2021;;;;;;;;;
Pasta - Gnocchi, Potato;84.39;07/03/2021;;;;;;;;;
Napkin Colour;12.25;12/09/2023;;;;;;;;;
Napkin Colour;52.61;12/09/2023;;;;;;;;;
Nut - Almond, Blanched, Ground;15.42;05/02/2019;;;;;;;;;
Pastry - Mini French Pastries;14.47;07/12/2019;;;;;;;;;
Tofu - Soft;11.43;17/01/2023;;;;;;;;;
Pork - Ham Hocks - Smoked;2.38;12/01/2022;;;;;;;;;
Pasta - Shells, Medium, Dry;75.43;10/11/2023;;;;;;;;;
Pasta - Shells, Medium, Dry;16.26;10/11/2023;;;;;;;;;
Pasta - Shells, Medium, Dry;64.85;10/11/2023;;;;;;;;;
Pasta - Shells, Medium, Dry;49.25;10/11/2023;;;;;;;;;
Vacuum Bags 12x16;56.31;08/11/2023;;;;;;;;;
Vacuum Bags 12x16;95.68;08/11/2023;;;;;;;;;
Sproutsmustard Cress;95.11;22/09/2020;;;;;;;;;
Crush - Grape, 355 Ml;44.86;29/01/2019;;;;;;;;;
Sea Urchin;4.14;19/09/2019;;;;;;;;;
Blouse / Shirt / Sweater;54.75;05/11/2021;;;;;;;;;
Juice - Cranberry 284ml;42.64;23/04/2021;;;;;;;;;
Truffle Cups Green;79.77;25/04/2021;;;;;;;;;
Sauce - Fish 25 Ozf Bottle;73.61;27/09/2020;;;;;;;;;
Blueberries;54.63;12/07/2019;;;;;;;;;
Blueberries;6.8;12/07/2019;;;;;;;;;
Wine - White, French Cross;68.9;20/01/2022;;;;;;;;;
Wine - White, French Cross;43,00;20/01/2022;;;;;;;;;
Durian Fruit;33,00;04/10/2023;;;;;;;;;
Beans - Turtle, Black, Dry;77.23;02/10/2020;;;;;;;;;
Beans - Turtle, Black, Dry;32.31;02/10/2020;;;;;;;;;
Placemat - Scallop, White;37.11;16/01/2021;;;;;;;;;
Beer - Tetleys;10.42;30/01/2022;;;;;;;;;
Horseradish Root;56.33;18/10/2023;;;;;;;;;
Lamb - Racks, Frenched;89.69;16/09/2021;;;;;;;;;
Doilies - 7, Paper;37.59;05/10/2020;;;;;;;;;
Wine - Blue Nun Qualitatswein;68.14;09/04/2020;;;;;;;;;
Wine - Blue Nun Qualitatswein;24.89;09/04/2020;;;;;;;;;
Wine - Blue Nun Qualitatswein;17.56;09/04/2020;;;;;;;;;
Ecolab Silver Fusion;79.82;22/09/2020;;;;;;;;;
Swordfish Loin Portions;9.56;05/01/2019;;;;;;;;;
Swordfish Loin Portions;64.25;05/01/2019;;;;;;;;;
Pepper - Cayenne;36.12;14/01/2019;;;;;;;;;
Tea - Earl Grey;58.42;06/08/2022;;;;;;;;;
Tea - Earl Grey;49.98;06/08/2022;;;;;;;;;
Urban Zen Drinks;53.49;01/05/2022;;;;;;;;;
Island Oasis - Mango Daiquiri;48.82;16/04/2021;;;;;;;;;
Island Oasis - Mango Daiquiri;78.01;16/04/2021;;;;;;;;;
Island Oasis - Mango Daiquiri;86.28;16/04/2021;;;;;;;;;
Island Oasis - Mango Daiquiri;6.7;16/04/2021;;;;;;;;;
Kaffir Lime Leaves;99.33;16/08/2021;;;;;;;;;
Chicken - Wieners;25.7;19/06/2023;;;;;;;;;
Toothpick Frilled;67.54;20/09/2021;;;;;;;;;
Toothpick Frilled;45.4;20/09/2021;;;;;;;;;
Wine - Riesling Alsace Ac 2001;98.5;08/03/2020;;;;;;;;;
Wine - Riesling Alsace Ac 2001;65.34;08/03/2020;;;;;;;;;
Tomatoes - Heirloom;7.89;29/07/2020;;;;;;;;;
Tomatoes - Heirloom;14.99;29/07/2020;;;;;;;;;
Oil - Shortening - All - Purpose;77.16;28/10/2021;;;;;;;;;
Oil - Shortening - All - Purpose;10.31;28/10/2021;;;;;;;;;
Taro Leaves;81.63;13/10/2019;;;;;;;;;
Taro Leaves;96.28;13/10/2019;;;;;;;;;
Flavouring - Rum;66.87;29/06/2023;;;;;;;;;
Flavouring - Rum;58.92;29/06/2023;;;;;;;;;
Flavouring - Rum;81.89;29/06/2023;;;;;;;;;
Turkey - Breast, Boneless Sk On;21.11;18/04/2022;;;;;;;;;
Melon - Cantaloupe;32.46;02/02/2019;;;;;;;;;
Melon - Cantaloupe;48.68;02/02/2019;;;;;;;;;
Table Cloth 81x81 White;37.49;30/09/2020;;;;;;;;;
Wine - Saint - Bris 2002, Sauv;72.16;11/03/2019;;;;;;;;;
Wine - Saint - Bris 2002, Sauv;28.36;11/03/2019;;;;;;;;;
Paper - Brown Paper Mini Cups;86.52;05/07/2021;;;;;;;;;
Thyme - Fresh;64.25;07/05/2023;;;;;;;;;
Thyme - Fresh;89,00;07/05/2023;;;;;;;;;
Tilapia - Fillets;23.36;04/07/2022;;;;;;;;;
Tilapia - Fillets;70.34;04/07/2022;;;;;;;;;
Tilapia - Fillets;69.62;04/07/2022;;;;;;;;;
Tilapia - Fillets;5.53;04/07/2022;;;;;;;;;
Pepper - Red Chili;61.67;16/04/2022;;;;;;;;;
Hersey Shakes;37.49;10/12/2022;;;;;;;;;
Garam Masala Powder;48.03;09/08/2021;;;;;;;;;
Garam Masala Powder;39.8;09/08/2021;;;;;;;;;
Lamb - Whole Head Off,nz;50.4;14/05/2019;;;;;;;;;
Lamb - Whole Head Off,nz;76.63;14/05/2019;;;;;;;;;
French Kiss Vanilla;31.06;07/11/2022;;;;;;;;;
French Kiss Vanilla;54,00;07/11/2022;;;;;;;;;
Sauce - Demi Glace;69.42;18/10/2021;;;;;;;;;
Sauce - Demi Glace;20.47;18/10/2021;;;;;;;;;
Parasol Pick Stir Stick;81.65;20/06/2021;;;;;;;;;
Flower - Commercial Spider;94.47;08/10/2020;;;;;;;;;
Veal - Tenderloin, Untrimmed;75.31;14/07/2023;;;;;;;;;
Tart - Raisin And Pecan;13.77;04/07/2022;;;;;;;;;
Bacon Strip Precooked;48.76;10/06/2021;;;;;;;;;
Rabbit - Whole;27.02;17/11/2019;;;;;;;;;
Sobe - Tropical Energy;59.26;09/02/2022;;;;;;;;;
Sobe - Tropical Energy;19.87;09/02/2022;;;;;;;;;
Sobe - Tropical Energy;25.23;09/02/2022;;;;;;;;;
Fish - Bones;14.34;18/09/2020;;;;;;;;;
Pastry - Cheese Baked Scones;59.99;08/01/2021;;;;;;;;;
Cheese - Taleggio D.o.p.;1.35;02/08/2021;;;;;;;;;
Syrup - Kahlua Chocolate;86.84;08/03/2020;;;;;;;;;
Piping Jelly - All Colours;46.01;18/09/2021;;;;;;;;;
Water - Evian 355 Ml;78.52;23/04/2019;;;;;;;;;
Water - Evian 355 Ml;4.54;23/04/2019;;;;;;;;;
Bread - Dark Rye, Loaf;44.23;28/07/2022;;;;;;;;;
Pasta - Orecchiette;36.39;04/03/2022;;;;;;;;;
Taro Leaves;81.63;25/08/2021;;;;;;;;;
Taro Leaves;96.28;25/08/2021;;;;;;;;;
Gelatine Leaves - Bulk;89.27;09/01/2023;;;;;;;;;
Gelatine Leaves - Bulk;3.7;09/01/2023;;;;;;;;;
Gelatine Leaves - Bulk;45.51;09/01/2023;;;;;;;;;
Gelatine Leaves - Bulk;8.27;09/01/2023;;;;;;;;;
Gelatine Leaves - Bulk;94.71;09/01/2023;;;;;;;;;
Gelatine Leaves - Bulk;12.25;09/01/2023;;;;;;;;;
Doilies - 8, Paper;91.01;02/12/2020;;;;;;;;;
Cheese - Cheddar, Old White;51.65;23/03/2022;;;;;;;;;
Tomato - Green;86.96;03/12/2021;;;;;;;;;
Tomato - Green;77.14;03/12/2021;;;;;;;;;
Extract - Rum;10.89;07/09/2020;;;;;;;;;
Butter Sweet;22.85;21/05/2023;;;;;;;;;
Truffle Cups Green;79.77;13/05/2023;;;;;;;;;
Sprouts - Brussel;40.82;29/10/2023;;;;;;;;;
Sauerkraut;95.27;21/09/2019;;;;;;;;;
Sauerkraut;94.86;21/09/2019;;;;;;;;;
Ecolab Silver Fusion;79.82;17/08/2021;;;;;;;;;
Vacuum Bags 12x16;56.31;02/02/2022;;;;;;;;;
Vacuum Bags 12x16;95.68;02/02/2022;;;;;;;;;
Wine - Delicato Merlot;29.97;23/02/2020;;;;;;;;;
Sea Bass - Fillets;12.27;24/10/2019;;;;;;;;;
Flour - Bran, Red;83.83;17/11/2020;;;;;;;;;
Mortadella;49.81;13/09/2021;;;;;;;;;
Dc - Frozen Momji;49.59;27/06/2020;;;;;;;;;
Toamtoes 6x7 Select;58.55;02/05/2023;;;;;;;;;
Beer - Guiness;8.49;13/06/2023;;;;;;;;;
Wine - Sawmill Creek Autumn;60.97;10/02/2020;;;;;;;;;
Wine - Sawmill Creek Autumn;43.81;10/02/2020;;;;;;;;;
Beans - Wax;92.65;28/01/2021;;;;;;;;;
Figs;74.9;13/09/2022;;;;;;;;;
Chicken - Whole Roasting;11.83;16/01/2020;;;;;;;;;
Chicken - Whole Roasting;92.17;16/01/2020;;;;;;;;;
Fish - Bones;14.34;13/08/2023;;;;;;;;;
Danishes - Mini Raspberry;77.77;18/10/2019;;;;;;;;;
Danishes - Mini Raspberry;20.67;18/10/2019;;;;;;;;;
Danishes - Mini Raspberry;11.99;18/10/2019;;;;;;;;;
Danishes - Mini Raspberry;49.52;18/10/2019;;;;;;;;;
Quail Eggs - Canned;72.44;27/11/2021;;;;;;;;;
Icecream - Dstk Super Cone;96.78;11/10/2022;;;;;;;;;
Icecream - Dstk Super Cone;52.43;11/10/2022;;;;;;;;;
Icecream - Dstk Super Cone;29.56;11/10/2022;;;;;;;;;
Fiddlehead - Frozen;61.73;16/01/2019;;;;;;;;;
Beans - Black Bean, Preserved;54.46;09/12/2021;;;;;;;;;
Beans - Black Bean, Preserved;9.75;09/12/2021;;;;;;;;;
Beans - Black Bean, Preserved;92.03;09/12/2021;;;;;;;;;
Wine - White, French Cross;41.84;17/11/2021;;;;;;;;;
Wine - White, French Cross;60.89;17/11/2021;;;;;;;;;
Wine - White, French Cross;40.34;17/11/2021;;;;;;;;;
Wine - White, French Cross;87.08;17/11/2021;;;;;;;;;
Carbonated Water - Raspberry;51.91;20/07/2021;;;;;;;;;
Bacon Strip Precooked;48.76;10/11/2022;;;;;;;;;
Nestea - Ice Tea, Diet;47.39;01/03/2021;;;;;;;;;
Nestea - Ice Tea, Diet;33.39;01/03/2021;;;;;;;;;
Fork - Plastic;65.2;24/05/2023;;;;;;;;;
Fork - Plastic;26.32;24/05/2023;;;;;;;;;
Fork - Plastic;63.84;24/05/2023;;;;;;;;;
Water - Aquafina Vitamin;86.51;04/10/2021;;;;;;;;;
Chocolate - Pistoles, Lactee, Milk;78.22;20/10/2019;;;;;;;;;
Pepsi - Diet, 355 Ml;91.91;11/06/2022;;;;;;;;;
Pepsi - Diet, 355 Ml;65.26;11/06/2022;;;;;;;;;
Lamb - Whole Head Off;7.17;30/10/2021;;;;;;;;;
Chicken - Breast, 5 - 7 Oz;40.09;03/04/2022;;;;;;;;;
Chicken - Breast, 5 - 7 Oz;47.34;03/04/2022;;;;;;;;;
Coffee - Beans, Whole;38.44;02/11/2023;;;;;;;;;
Coffee - Beans, Whole;50.94;02/11/2023;;;;;;;;;
Wine - Magnotta - Pinot Gris Sr;43.84;14/01/2023;;;;;;;;;
Wine - Cahors Ac 2000, Clos;88.53;20/05/2019;;;;;;;;;
Wine - Cahors Ac 2000, Clos;36.03;20/05/2019;;;;;;;;;
Cheese - Gorgonzola;12.88;15/03/2020;;;;;;;;;
Figs;29.64;26/09/2021;;;;;;;;;
Figs;28.7;26/09/2021;;;;;;;;;
Bread - Hot Dog Buns;30.52;08/06/2023;;;;;;;;;
Cheese - Comtomme;24.95;04/08/2022;;;;;;;;;
Cheese - Comtomme;67.71;04/08/2022;;;;;;;;;
Guinea Fowl;67.7;02/02/2022;;;;;;;;;
Pear - Prickly;63.19;24/04/2023;;;;;;;;;
Pear - Prickly;55.73;24/04/2023;;;;;;;;;
Pear - Prickly;41.81;24/04/2023;;;;;;;;;
Wine - Magnotta - Pinot Gris Sr;94.75;28/02/2020;;;;;;;;;
Wine - Magnotta - Pinot Gris Sr;57.52;28/02/2020;;;;;;;;;
Beef - Top Butt Aaa;12.26;21/08/2019;;;;;;;;;
Beef - Top Butt Aaa;74.24;21/08/2019;;;;;;;;;
Beef - Top Butt Aaa;35.65;21/08/2019;;;;;;;;;
Tea - Jasmin Green;4.72;01/11/2023;;;;;;;;;
Tea - Jasmin Green;27.66;01/11/2023;;;;;;;;;
Rootbeer;53.91;29/04/2020;;;;;;;;;
Rootbeer;97.62;29/04/2020;;;;;;;;;
Wine - Magnotta, White;12.34;10/03/2022;;;;;;;;;
Potatoes - Instant, Mashed;64.64;21/07/2021;;;;;;;;;
Potatoes - Instant, Mashed;77.63;21/07/2021;;;;;;;;;
Tilapia - Fillets;59.88;15/08/2023;;;;;;;;;
Kohlrabi;9.86;22/03/2022;;;;;;;;;
Goulash Seasoning;16.48;20/02/2021;;;;;;;;;
Yogurt - Assorted Pack;45.91;24/06/2020;;;;;;;;;
Yogurt - Assorted Pack;8.69;24/06/2020;;;;;;;;;
Pickles - Gherkins;29.31;21/10/2023;;;;;;;;;
Pickles - Gherkins;75.01;21/10/2023;;;;;;;;;
Rabbit - Whole;27.02;19/07/2022;;;;;;;;;
Shiratamako - Rice Flour;65.47;19/03/2019;;;;;;;;;
Shiratamako - Rice Flour;69.83;19/03/2019;;;;;;;;;
Canada Dry;73.8;08/08/2020;;;;;;;;;
Wine - Muscadet Sur Lie;21.6;24/12/2020;;;;;;;;;
Sauerkraut;95.27;01/03/2021;;;;;;;;;
Sauerkraut;94.86;01/03/2021;;;;;;;;;
V8 - Berry Blend;13.91;02/07/2020;;;;;;;;;
V8 - Berry Blend;49.56;02/07/2020;;;;;;;;;
Danishes - Mini Cheese;49.54;15/11/2019;;;;;;;;;
Cabbage - Nappa;33.49;22/10/2021;;;;;;;;;
Soupfoamcont12oz 112con;24.41;09/01/2019;;;;;;;;;
Soupfoamcont12oz 112con;59.58;09/01/2019;;;;;;;;;
Soupfoamcont12oz 112con;88.73;09/01/2019;;;;;;;;;
Pasta - Rotini, Colour, Dry;72.73;06/01/2020;;;;;;;;;
Pasta - Rotini, Colour, Dry;57.39;06/01/2020;;;;;;;;;
Grenadillo;34.2;02/10/2021;;;;;;;;;
Appetizer - Mini Egg Roll, Shrimp;85.9;30/04/2020;;;;;;;;;
Lettuce - Red Leaf;82.11;17/09/2019;;;;;;;;;
Lettuce - Red Leaf;71.94;17/09/2019;;;;;;;;;
Lettuce - Red Leaf;25.75;17/09/2019;;;;;;;;;
Thyme - Fresh;92.14;08/05/2021;;;;;;;;;
Rabbit - Frozen;60.27;05/06/2020;;;;;;;;;
Rabbit - Frozen;37.93;05/06/2020;;;;;;;;;
Chocolate - Chips Compound;86.58;14/03/2022;;;;;;;;;
Chocolate - Chips Compound;49.24;14/03/2022;;;;;;;;;
Doilies - 10, Paper;45.05;31/12/2019;;;;;;;;;
Cheese - Taleggio D.o.p.;1.35;31/12/2019;;;;;;;;;
Barley - Pearl;15.2;16/04/2019;;;;;;;;;
Barley - Pearl;31.02;16/04/2019;;;;;;;;;
Tea - Camomele;83.44;16/09/2023;;;;;;;;;
French Kiss Vanilla;31.06;13/06/2023;;;;;;;;;
French Kiss Vanilla;54,00;13/06/2023;;;;;;;;;
Roe - Flying Fish;14.61;02/07/2019;;;;;;;;;
Roe - Flying Fish;51,00;02/07/2019;;;;;;;;;
Roe - Flying Fish;89.9;02/07/2019;;;;;;;;;
Roe - Flying Fish;97.83;02/07/2019;;;;;;;;;
Nestea - Ice Tea, Diet;47.39;15/08/2022;;;;;;;;;
Nestea - Ice Tea, Diet;33.39;15/08/2022;;;;;;;;;
Bread - Bagels, Mini;16.45;06/06/2019;;;;;;;;;
Bread - Bagels, Mini;78.96;06/06/2019;;;;;;;;;
Kaffir Lime Leaves;99.33;11/05/2022;;;;;;;;;
Soup Campbells Split Pea And Ham;81.76;30/04/2020;;;;;;;;;
Tequila Rose Cream Liquor;77.85;15/08/2021;;;;;;;;;
Apricots Fresh;94.96;17/09/2019;;;;;;;;;
Bowl 12 Oz - Showcase 92012;6.42;14/06/2022;;;;;;;;;
Bowl 12 Oz - Showcase 92012;56.6;14/06/2022;;;;;;;;;
Danishes - Mini Raspberry;77.77;24/09/2021;;;;;;;;;
Danishes - Mini Raspberry;20.67;24/09/2021;;;;;;;;;
Danishes - Mini Raspberry;11.99;24/09/2021;;;;;;;;;
Danishes - Mini Raspberry;49.52;24/09/2021;;;;;;;;;
Soap - Hand Soap;53.06;17/06/2021;;;;;;;;;
Soap - Hand Soap;10.89;17/06/2021;;;;;;;;;
Wine - White, Colubia Cresh;4.47;30/07/2023;;;;;;;;;
Nut - Peanut, Roasted;61.31;01/09/2021;;;;;;;;;
Barley - Pearl;15.2;06/01/2021;;;;;;;;;
Barley - Pearl;31.02;06/01/2021;;;;;;;;;
Spice - Chili Powder Mexican;65.64;16/06/2019;;;;;;;;;
Yoplait - Strawbrasp Peac;63.32;09/11/2023;;;;;;;;;
Yoplait - Strawbrasp Peac;23.44;09/11/2023;;;;;;;;;
Yoplait - Strawbrasp Peac;94.89;09/11/2023;;;;;;;;;
Pasta - Agnolotti - Butternut;12.28;19/02/2019;;;;;;;;;
Pasta - Agnolotti - Butternut;12.58;19/02/2019;;;;;;;;;
Pork - Smoked Back Bacon;25.37;16/06/2021;;;;;;;;;
Pork - Smoked Back Bacon;41.94;16/06/2021;;;;;;;;;
Crackers - Trio;24.87;16/08/2020;;;;;;;;;
Beef - Rouladin, Sliced;85.24;13/07/2022;;;;;;;;;
Beef - Rouladin, Sliced;87.26;13/07/2022;;;;;;;;;
Beef - Rouladin, Sliced;87.25;13/07/2022;;;;;;;;;
Steampan - Foil;42.69;02/08/2021;;;;;;;;;
Milk - Chocolate 500ml;99.37;06/03/2019;;;;;;;;;
Milk - Chocolate 500ml;73.84;06/03/2019;;;;;;;;;
Milk - Chocolate 500ml;2.69;06/03/2019;;;;;;;;;
Pasta - Penne Primavera, Single;78.78;18/08/2021;;;;;;;;;
Lamb - Racks, Frenched;76.99;02/01/2023;;;;;;;;;
Lamb - Racks, Frenched;70.47;02/01/2023;;;;;;;;;
Crush - Cream Soda;3.75;10/10/2020;;;;;;;;;
Spice - Chili Powder Mexican;62.75;27/11/2020;;;;;;;;;
Spice - Chili Powder Mexican;38.59;27/11/2020;;;;;;;;;
Wine - Port Late Bottled Vintage;28.9;27/07/2021;;;;;;;;;
Napkin Colour;26.56;16/01/2020;;;;;;;;;
Bread - Mini Hamburger Bun;12.65;11/12/2019;;;;;;;;;
Bread - Mini Hamburger Bun;4.36;11/12/2019;;;;;;;;;
Wine - White, French Cross;41.84;30/10/2023;;;;;;;;;
Wine - White, French Cross;60.89;30/10/2023;;;;;;;;;
Wine - White, French Cross;40.34;30/10/2023;;;;;;;;;
Wine - White, French Cross;87.08;30/10/2023;;;;;;;;;
Wine - Prosecco Valdobienne;57.1;24/11/2021;;;;;;;;;
Wine - Prosecco Valdobienne;37.07;24/11/2021;;;;;;;;;
Tuna - Bluefin;21.3;27/05/2019;;;;;;;;;
Soup - Cream Of Broccoli, Dry;90.79;18/02/2023;;;;;;;;;
Soup - Cream Of Broccoli, Dry;37.44;18/02/2023;;;;;;;;;
Soup - Cream Of Broccoli, Dry;17.64;18/02/2023;;;;;;;;;
Bread - Corn Muffaleta Onion;55.12;01/11/2020;;;;;;;;;
Grenadillo;34.2;19/03/2020;;;;;;;;;
Cake Slab;49.18;12/06/2019;;;;;;;;;
Ecolab - Hobart Washarm End Cap;29.43;30/01/2019;;;;;;;;;
Ecolab - Hobart Washarm End Cap;17.23;30/01/2019;;;;;;;;;
Pasta - Orecchiette;36.39;29/01/2022;;;;;;;;;
Saskatoon Berries - Frozen;75.1;30/10/2021;;;;;;;;;
Honey - Lavender;18.27;03/02/2023;;;;;;;;;
Truffle Cups - Brown;95.92;13/11/2021;;;;;;;;;
Capers - Pickled;4.55;19/04/2022;;;;;;;;;
Coffee - Beans, Whole;38.44;06/12/2020;;;;;;;;;
Coffee - Beans, Whole;50.94;06/12/2020;;;;;;;;;
Vacuum Bags 12x16;56.31;01/01/2021;;;;;;;;;
Vacuum Bags 12x16;95.68;01/01/2021;;;;;;;;;
Iced Tea - Lemon, 460 Ml;24.53;13/04/2019;;;;;;;;;
Gatorade - Orange;58.08;04/07/2020;;;;;;;;;
Chicken - Whole Roasting;11.83;28/04/2020;;;;;;;;;
Chicken - Whole Roasting;92.17;28/04/2020;;;;;;;;;
Duck - Fat;90.34;24/06/2020;;;;;;;;;
Carrots - Mini Red Organic;93.9;24/02/2020;;;;;;;;;
Carrots - Mini Red Organic;23.59;24/02/2020;;;;;;;;;
Cheese - Gorgonzola;12.88;01/10/2020;;;;;;;;;
Island Oasis - Cappucino Mix;13.42;20/03/2022;;;;;;;;;
Bread - Corn Muffaleta Onion;55.12;05/08/2022;;;;;;;;;
Hickory Smoke, Liquid;29.17;03/01/2019;;;;;;;;;
Hickory Smoke, Liquid;5.23;03/01/2019;;;;;;;;;
Gelatine Leaves - Bulk;89.27;30/08/2022;;;;;;;;;
Gelatine Leaves - Bulk;3.7;30/08/2022;;;;;;;;;
Gelatine Leaves - Bulk;45.51;30/08/2022;;;;;;;;;
Gelatine Leaves - Bulk;8.27;30/08/2022;;;;;;;;;
Gelatine Leaves - Bulk;94.71;30/08/2022;;;;;;;;;
Gelatine Leaves - Bulk;12.25;30/08/2022;;;;;;;;;
Pasta - Penne, Rigate, Dry;89.8;02/04/2019;;;;;;;;;
Cheese - Taleggio D.o.p.;1.35;10/01/2020;;;;;;;;;
Cookies Oatmeal Raisin;2.45;28/04/2020;;;;;;;;;
Wine - White, Mosel Gold;28.24;05/09/2019;;;;;;;;;
Appetizer - Mini Egg Roll, Shrimp;85.9;15/03/2022;;;;;;;;;
Jolt Cola;74.52;09/10/2023;;;;;;;;;
Tomatoes - Vine Ripe, Yellow;78.96;22/02/2019;;;;;;;;;
Hinge W Undercut;18.99;17/05/2019;;;;;;;;;
Hinge W Undercut;44.77;17/05/2019;;;;;;;;;
Pasta - Detalini, White, Fresh;42.41;02/02/2023;;;;;;;;;
Foam Cup 6 Oz;13.35;31/08/2020;;;;;;;;;
Appetizer - Mini Egg Roll, Shrimp;85.9;23/01/2019;;;;;;;;;
Cilantro / Coriander - Fresh;71.1;03/11/2023;;;;;;;;;
Cilantro / Coriander - Fresh;57.07;03/11/2023;;;;;;;;;
Cilantro / Coriander - Fresh;77.52;03/11/2023;;;;;;;;;
Foam Cup 6 Oz;13.35;24/08/2020;;;;;;;;;
Salmon - Atlantic, Skin On;8.66;05/05/2022;;;;;;;;;
Salmon - Atlantic, Skin On;4.56;05/05/2022;;;;;;;;;
Squid Ink;39.89;25/06/2020;;;;;;;;;
Bread - Mini Hamburger Bun;12.65;05/02/2021;;;;;;;;;
Bread - Mini Hamburger Bun;4.36;05/02/2021;;;;;;;;;
Mousse - Mango;25.44;14/02/2021;;;;;;;;;
Mousse - Mango;61.14;14/02/2021;;;;;;;;;
Mousse - Mango;70.8;14/02/2021;;;;;;;;;
Pasta - Detalini, White, Fresh;42.41;05/09/2022;;;;;;;;;
Sobe - Tropical Energy;59.26;21/10/2021;;;;;;;;;
Sobe - Tropical Energy;19.87;21/10/2021;;;;;;;;;
Sobe - Tropical Energy;25.23;21/10/2021;;;;;;;;;
Alize Red Passion;19.69;02/04/2020;;;;;;;;;
Buffalo - Striploin;12.84;15/01/2019;;;;;;;;;
Buffalo - Striploin;22.03;15/01/2019;;;;;;;;;
Appetizer - Chicken Satay;16.58;23/04/2021;;;;;;;;;
Appetizer - Chicken Satay;55.52;23/04/2021;;;;;;;;;
Potatoes - Instant, Mashed;64.64;05/12/2020;;;;;;;;;
Potatoes - Instant, Mashed;77.63;05/12/2020;;;;;;;;;
Tea - Earl Grey;58.42;07/02/2021;;;;;;;;;
Tea - Earl Grey;49.98;07/02/2021;;;;;;;;;
Cheese - Comtomme;24.95;27/08/2019;;;;;;;;;
Cheese - Comtomme;67.71;27/08/2019;;;;;;;;;
Vinegar - Champagne;24.79;19/05/2021;;;;;;;;;
Vinegar - Champagne;93.59;19/05/2021;;;;;;;;;
Fiddlehead - Frozen;61.73;25/05/2020;;;;;;;;;
Chocolate - Chips Compound;86.58;25/08/2022;;;;;;;;;
Chocolate - Chips Compound;49.24;25/08/2022;;;;;;;;;
Bread - Pumpernickle, Rounds;1.31;27/09/2020;;;;;;;;;
Beer - Rickards Red;55.23;24/06/2019;;;;;;;;;
Beer - Rickards Red;96.3;24/06/2019;;;;;;;;;
Garlic - Elephant;94.39;12/03/2022;;;;;;;;;
Arizona - Green Tea;33,00;14/06/2022;;;;;;;;;
Cookies - Oreo, 4 Pack;30.41;05/03/2019;;;;;;;;;
Cookies - Oreo, 4 Pack;87.1;05/03/2019;;;;;;;;;
Chicken - Soup Base;74.23;03/01/2023;;;;;;;;;
Macaroons - Homestyle Two Bit;39.78;01/02/2020;;;;;;;;;
Heavy Duty Dust Pan;81.47;15/03/2021;;;;;;;;;
Heavy Duty Dust Pan;6.6;15/03/2021;;;;;;;;;
Icecream - Dstk Super Cone;96.78;10/01/2020;;;;;;;;;
Icecream - Dstk Super Cone;52.43;10/01/2020;;;;;;;;;
Icecream - Dstk Super Cone;29.56;10/01/2020;;;;;;;;;
Loaf Pan - 2 Lb, Foil;93.66;22/11/2021;;;;;;;;;
Loaf Pan - 2 Lb, Foil;68.91;22/11/2021;;;;;;;;;
Soup V8 Roasted Red Pepper;74.42;14/08/2022;;;;;;;;;
Soup V8 Roasted Red Pepper;12.43;14/08/2022;;;;;;;;;
Bread - Mini Hamburger Bun;88.47;16/08/2019;;;;;;;;;
Bread - Mini Hamburger Bun;48.28;16/08/2019;;;;;;;;;
Tea - Honey Green Tea;72.04;31/07/2022;;;;;;;;;
Tea - Honey Green Tea;28.44;31/07/2022;;;;;;;;;
Tea - Honey Green Tea;13.41;31/07/2022;;;;;;;;;
Tea - Honey Green Tea;32.87;31/07/2022;;;;;;;;;
Carrots - Mini Red Organic;93.9;26/07/2021;;;;;;;;;
Carrots - Mini Red Organic;23.59;26/07/2021;;;;;;;;;
Blouse / Shirt / Sweater;54.75;02/08/2020;;;;;;;;;
Cheese - Cheddar With Claret;81.47;28/09/2023;;;;;;;;;
Tuna - Yellowfin;85.3;17/09/2020;;;;;;;;;
Tea - Decaf Lipton;62.04;20/09/2023;;;;;;;;;
Nut - Walnut, Chopped;92.39;18/08/2023;;;;;;;;;
Tilapia - Fillets;59.88;07/03/2019;;;;;;;;;
Butter Sweet;22.85;11/06/2023;;;;;;;;;
Quiche Assorted;74.08;15/03/2022;;;;;;;;;
Blouse / Shirt / Sweater;54.75;14/07/2021;;;;;;;;;
Tequila Rose Cream Liquor;77.85;30/11/2019;;;;;;;;;
Pastry - Mini French Pastries;14.47;11/10/2022;;;;;;;;;
Beans - Kidney, Red Dry;96.45;07/08/2022;;;;;;;;;
Heavy Duty Dust Pan;81.47;24/09/2020;;;;;;;;;
Heavy Duty Dust Pan;6.6;24/09/2020;;;;;;;;;
Wine - Acient Coast Caberne;61.14;30/04/2020;;;;;;;;;
Wine - Acient Coast Caberne;38.82;30/04/2020;;;;;;;;;
Bread - Roll, Calabrese;1.49;13/02/2021;;;;;;;;;
Bread - Roll, Calabrese;97.35;13/02/2021;;;;;;;;;
Capon - Breast, Double, Wing On;23.52;14/02/2023;;;;;;;;;
Capon - Breast, Double, Wing On;63.34;14/02/2023;;;;;;;;;
Capon - Breast, Double, Wing On;4.2;14/02/2023;;;;;;;;;
Juice - Tomato, 10 Oz;31.08;20/10/2019;;;;;;;;;
Chocolate - Pistoles, Lactee, Milk;78.22;04/11/2019;;;;;;;;;
Butter Ripple - Phillips;34.08;12/06/2019;;;;;;;;;
Sprouts - Brussel;40.82;28/05/2019;;;;;;;;;
Tuna - Fresh;98.15;21/02/2023;;;;;;;;;
Pastry - Mini French Pastries;14.47;30/01/2022;;;;;;;;;
Icecream - Dstk Super Cone;96.78;02/05/2023;;;;;;;;;
Icecream - Dstk Super Cone;52.43;02/05/2023;;;;;;;;;
Icecream - Dstk Super Cone;29.56;02/05/2023;;;;;;;;;
Chicken Giblets;74.28;20/09/2022;;;;;;;;;
Chicken Giblets;82.6;20/09/2022;;;;;;;;;
Chicken Giblets;52.57;20/09/2022;;;;;;;;;
Salami - Genova;65.29;10/09/2019;;;;;;;;;
Cheese - Cheddar, Old White;51.65;03/09/2020;;;;;;;;;
Banana Turning;95.25;10/09/2023;;;;;;;;;
Wine - Magnotta - Pinot Gris Sr;43.84;19/12/2021;;;;;;;;;
Sobe - Orange Carrot;11.71;03/01/2022;;;;;;;;;
Olives - Stuffed;87.45;15/11/2020;;;;;;;;;
Olives - Stuffed;87.45;26/08/2021;;;;;;;;;
Sauerkraut;95.27;11/03/2020;;;;;;;;;
Sauerkraut;94.86;11/03/2020;;;;;;;;;
Yogurt - Cherry, 175 Gr;26.36;29/05/2019;;;;;;;;;
Yogurt - Cherry, 175 Gr;23.77;29/05/2019;;;;;;;;;
Cookie Trail Mix;8.75;17/05/2021;;;;;;;;;
Cookie Trail Mix;31.92;17/05/2021;;;;;;;;;
Tofu - Soft;11.43;03/09/2019;;;;;;;;;
Carbonated Water - Raspberry;51.91;25/12/2022;;;;;;;;;
Rum - Mount Gay Eclipes;34.01;26/10/2019;;;;;;;;;
Wine - White, Lindemans Bin 95;44.67;13/09/2021;;;;;;;;;
Salt - Celery;62.82;07/09/2023;;;;;;;;;
Salt - Seasoned;37.45;17/10/2020;;;;;;;;;
Gelatine Leaves - Bulk;89.27;01/05/2020;;;;;;;;;
Gelatine Leaves - Bulk;3.7;01/05/2020;;;;;;;;;
Gelatine Leaves - Bulk;45.51;01/05/2020;;;;;;;;;
Gelatine Leaves - Bulk;8.27;01/05/2020;;;;;;;;;
Gelatine Leaves - Bulk;94.71;01/05/2020;;;;;;;;;
Gelatine Leaves - Bulk;12.25;01/05/2020;;;;;;;;;
Beans - Black Bean, Preserved;54.46;08/03/2023;;;;;;;;;
Beans - Black Bean, Preserved;9.75;08/03/2023;;;;;;;;;
Beans - Black Bean, Preserved;92.03;08/03/2023;;;;;;;;;
Bowl 12 Oz - Showcase 92012;6.42;30/10/2022;;;;;;;;;
Bowl 12 Oz - Showcase 92012;56.6;30/10/2022;;;;;;;;;
Scallops - U - 10;63.77;31/03/2020;;;;;;;;;
Water - Evian 355 Ml;78.52;08/10/2023;;;;;;;;;
Water - Evian 355 Ml;4.54;08/10/2023;;;;;;;;;
Dried Apple;81.78;19/01/2023;;;;;;;;;
Dried Apple;75.22;19/01/2023;;;;;;;;;
Bread Sour Rolls;53.94;03/07/2019;;;;;;;;;
Bread Sour Rolls;80.4;03/07/2019;;;;;;;;;
Bread - 10 Grain Parisian;56.09;30/03/2020;;;;;;;;;
Sea Bass - Fillets;12.27;30/01/2023;;;;;;;;;
Mortadella;49.81;05/06/2023;;;;;;;;;
Wine - Magnotta, White;64.94;06/02/2023;;;;;;;;;
Pears - Bartlett;54.77;30/10/2023;;;;;;;;;
Crab Brie In Phyllo;82.26;04/09/2021;;;;;;;;;
Crab Brie In Phyllo;25.45;04/09/2021;;;;;;;;;
Coconut - Shredded, Sweet;35.73;18/02/2022;;;;;;;;;
Coconut - Shredded, Sweet;28.56;18/02/2022;;;;;;;;;
Corn Kernels - Frozen;41.45;22/06/2019;;;;;;;;;
Corn Kernels - Frozen;72.86;22/06/2019;;;;;;;;;
Hickory Smoke, Liquid;29.17;30/07/2021;;;;;;;;;
Hickory Smoke, Liquid;5.23;30/07/2021;;;;;;;;;
Soup - Knorr, Chicken Noodle;52.45;01/02/2021;;;;;;;;;
Soup - Knorr, Chicken Noodle;36.09;01/02/2021;;;;;;;;;
Tomatoes - Yellow Hot House;10.88;02/06/2023;;;;;;;;;
Muffin Hinge - 211n;5.36;01/04/2020;;;;;;;;;
Tea - Decaf Lipton;62.04;24/08/2020;;;;;;;;;
Thyme - Fresh;92.14;11/11/2022;;;;;;;;;
Goulash Seasoning;16.48;09/11/2021;;;;;;;;;
Shiratamako - Rice Flour;65.47;17/01/2021;;;;;;;;;
Shiratamako - Rice Flour;69.83;17/01/2021;;;;;;;;;
Onions - Spanish;59.3;13/06/2022;;;;;;;;;
Mackerel Whole Fresh;19.34;08/09/2022;;;;;;;;;
Mackerel Whole Fresh;15.44;08/09/2022;;;;;;;;;
Mackerel Whole Fresh;40.53;08/09/2022;;;;;;;;;
Mackerel Whole Fresh;2.08;08/09/2022;;;;;;;;;
Mackerel Whole Fresh;96.4;08/09/2022;;;;;;;;;
Lettuce - Baby Salad Greens;94.24;05/03/2021;;;;;;;;;
Strawberries;96.02;22/06/2022;;;;;;;;;
Lid Tray - 16in Dome;62.82;16/05/2020;;;;;;;;;
Bread - Sour Batard;60.22;22/01/2021;;;;;;;;;
Crush - Cream Soda;3.75;15/02/2023;;;;;;;;;
Stock - Beef, White;17.44;13/10/2023;;;;;;;;;
Sour Puss - Tangerine;81.51;02/08/2021;;;;;;;;;
Chocolate - Pistoles, Lactee, Milk;78.22;11/10/2022;;;;;;;;;
Cabbage - Nappa;33.49;02/06/2020;;;;;;;;;
Crush - Cream Soda;3.75;30/10/2022;;;;;;;;;
Hummus - Spread;42.49;11/05/2022;;;;;;;;;
Hummus - Spread;23.82;11/05/2022;;;;;;;;;
Hummus - Spread;48.13;11/05/2022;;;;;;;;;
Taro Leaves;81.63;21/04/2021;;;;;;;;;
Taro Leaves;96.28;21/04/2021;;;;;;;;;
Pasta - Agnolotti - Butternut;12.28;17/08/2023;;;;;;;;;
Pasta - Agnolotti - Butternut;12.58;17/08/2023;;;;;;;;;
Juice - Tomato, 10 Oz;31.08;13/09/2023;;;;;;;;;
Tamarillo;80.58;18/03/2023;;;;;;;;;
Iced Tea - Lemon, 340ml;43.4;17/10/2019;;;;;;;;;
Iced Tea - Lemon, 340ml;78.36;17/10/2019;;;;;;;;;
Coffee - Beans, Whole;38.44;01/04/2020;;;;;;;;;
Coffee - Beans, Whole;50.94;01/04/2020;;;;;;;;;
Blueberries;1.5;14/02/2021;;;;;;;;;
Blueberries;35.7;14/02/2021;;;;;;;;;
Pastry - Mini French Pastries;14.47;22/05/2020;;;;;;;;;
Rum - Dark, Bacardi, Black;95.18;31/08/2023;;;;;;;;;
Rum - Dark, Bacardi, Black;97.27;31/08/2023;;;;;;;;;
Soup - Knorr, Classic Can. Chili;67.57;23/10/2019;;;;;;;;;
Soup - Knorr, Classic Can. Chili;58.87;23/10/2019;;;;;;;;;
Extract - Rum;10.89;17/11/2022;;;;;;;;;
Shrimp - Black Tiger 13/15;9.68;20/11/2022;;;;;;;;;
Shrimp - Black Tiger 13/15;50.98;20/11/2022;;;;;;;;;
Chocolate Liqueur - Godet White;14.14;30/03/2023;;;;;;;;;
Chocolate Liqueur - Godet White;81.93;30/03/2023;;;;;;;;;
Bowl 12 Oz - Showcase 92012;6.42;20/04/2019;;;;;;;;;
Bowl 12 Oz - Showcase 92012;56.6;20/04/2019;;;;;;;;;
Loaf Pan - 2 Lb, Foil;95.78;24/07/2023;;;;;;;;;
Loaf Pan - 2 Lb, Foil;78.25;24/07/2023;;;;;;;;;
Loaf Pan - 2 Lb, Foil;3.98;24/07/2023;;;;;;;;;
Roe - Flying Fish;14.61;18/01/2022;;;;;;;;;
Roe - Flying Fish;51,00;18/01/2022;;;;;;;;;
Roe - Flying Fish;89.9;18/01/2022;;;;;;;;;
Roe - Flying Fish;97.83;18/01/2022;;;;;;;;;
Steampan - Foil;86.48;03/01/2020;;;;;;;;;
Steampan - Foil;68.03;03/01/2020;;;;;;;;;
Wine - Port Late Bottled Vintage;28.9;20/08/2019;;;;;;;;;
Cheese - Comte;43.76;26/08/2022;;;;;;;;;
Coffee - Beans, Whole;38.44;27/02/2021;;;;;;;;;
Coffee - Beans, Whole;50.94;27/02/2021;;;;;;;;;
Shiratamako - Rice Flour;65.47;18/10/2019;;;;;;;;;
Shiratamako - Rice Flour;69.83;18/10/2019;;;;;;;;;
Beef - Striploin;43.58;16/04/2019;;;;;;;;;
Beef - Striploin;79.58;16/04/2019;;;;;;;;;
Cheese - Grana Padano;4.67;11/12/2020;;;;;;;;;
Southern Comfort;57.51;09/12/2022;;;;;;;;;
Mini - Vol Au Vents;90.59;01/11/2019;;;;;;;;;
Mini - Vol Au Vents;69.95;01/11/2019;;;;;;;;;
Energy Drink;66.83;13/01/2023;;;;;;;;;
Pasta - Rotini, Colour, Dry;72.73;17/02/2021;;;;;;;;;
Pasta - Rotini, Colour, Dry;57.39;17/02/2021;;;;;;;;;
Flower - Commercial Spider;94.47;25/02/2020;;;;;;;;;
Onions - Spanish;59.3;02/11/2022;;;;;;;;;
Veal - Inside Round / Top, Lean;86.2;19/03/2023;;;;;;;;;
Chocolate - Chips Compound;86.58;28/12/2019;;;;;;;;;
Chocolate - Chips Compound;49.24;28/12/2019;;;;;;;;;
Chicken - Wieners;25.7;19/06/2020;;;;;;;;;
Tomatoes - Yellow Hot House;10.88;23/08/2022;;;;;;;;;
Veal - Leg;99.63;17/02/2020;;;;;;;;;
Veal - Leg;24.64;17/02/2020;;;;;;;;;
Foam Tray S2;25.28;19/08/2019;;;;;;;;;
Sauce - Demi Glace;69.42;05/11/2022;;;;;;;;;
Sauce - Demi Glace;20.47;05/11/2022;;;;;;;;;
Garlic - Elephant;94.39;21/02/2023;;;;;;;;;
Chocolate - Pistoles, Lactee, Milk;78.22;31/05/2020;;;;;;;;;
Salmon - Atlantic, Skin On;8.66;15/02/2022;;;;;;;;;
Salmon - Atlantic, Skin On;4.56;15/02/2022;;;;;;;;;
Mustard - Dry, Powder;37.25;04/07/2022;;;;;;;;;
Mustard - Dry, Powder;9.51;04/07/2022;;;;;;;;;
Mustard - Dry, Powder;9.21;04/07/2022;;;;;;;;;
Fish - Halibut, Cold Smoked;18.07;25/07/2021;;;;;;;;;
Fish - Halibut, Cold Smoked;76.37;25/07/2021;;;;;;;;;
Fond - Chocolate;63.22;21/06/2021;;;;;;;;;
Cheese - Stilton;99.06;24/08/2022;;;;;;;;;
Cheese - Stilton;32.67;24/08/2022;;;;;;;;;
Pork - Suckling Pig;91.8;15/08/2019;;;;;;;;;
Juice - Tomato, 10 Oz;31.08;05/09/2022;;;;;;;;;
Cake - Cheese Cake 9 Inch;44.38;31/05/2019;;;;;;;;;
Cake - Cheese Cake 9 Inch;60.92;31/05/2019;;;;;;;;;
Shrimp - Black Tiger 6 - 8;18.59;31/08/2020;;;;;;;;;
Shrimp - Black Tiger 6 - 8;94.45;31/08/2020;;;;;;;;;
Island Oasis - Banana Daiquiri;52.23;28/08/2022;;;;;;;;;
Island Oasis - Banana Daiquiri;11.46;28/08/2022;;;;;;;;;
Cilantro / Coriander - Fresh;43.6;05/06/2020;;;;;;;;;
Cilantro / Coriander - Fresh;38.32;05/06/2020;;;;;;;;;
Wiberg Cure;37.64;13/08/2022;;;;;;;;;
French Kiss Vanilla;31.06;02/07/2020;;;;;;;;;
French Kiss Vanilla;54,00;02/07/2020;;;;;;;;;
Cookies Oatmeal Raisin;2.45;17/07/2021;;;;;;;;;
Lamb - Whole Head Off,nz;50.4;14/10/2019;;;;;;;;;
Lamb - Whole Head Off,nz;76.63;14/10/2019;;;;;;;;;
Beef - Tenderlion, Center Cut;11.41;28/02/2020;;;;;;;;;
Beef - Tenderlion, Center Cut;77.25;28/02/2020;;;;;;;;;
Chocolate Liqueur - Godet White;14.14;08/05/2021;;;;;;;;;
Chocolate Liqueur - Godet White;81.93;08/05/2021;;;;;;;;;
Veal - Inside Round / Top, Lean;86.2;18/11/2019;;;;;;;;;
Pear - Prickly;63.19;06/08/2021;;;;;;;;;
Pear - Prickly;55.73;06/08/2021;;;;;;;;;
Pear - Prickly;41.81;06/08/2021;;;;;;;;;
Compound - Rum;60.6;16/05/2019;;;;;;;;;
Compound - Rum;53.22;16/05/2019;;;;;;;;;
Compound - Rum;19.8;16/05/2019;;;;;;;;;
Turkey - Breast, Double;3.01;20/03/2022;;;;;;;;;
Turkey - Breast, Double;71.15;20/03/2022;;;;;;;;;
Turkey - Breast, Double;71.91;20/03/2022;;;;;;;;;
Lid Tray - 16in Dome;62.82;19/05/2022;;;;;;;;;
Lettuce - Red Leaf;82.11;20/06/2020;;;;;;;;;
Lettuce - Red Leaf;71.94;20/06/2020;;;;;;;;;
Lettuce - Red Leaf;25.75;20/06/2020;;;;;;;;;
Soup V8 Roasted Red Pepper;74.42;19/07/2020;;;;;;;;;
Soup V8 Roasted Red Pepper;12.43;19/07/2020;;;;;;;;;
Carbonated Water - Cherry;90.42;21/01/2022;;;;;;;;;
Beer - Alexander Kieths, Pale Ale;75.65;22/08/2020;;;;;;;;;
Table Cloth 81x81 White;37.49;02/06/2022;;;;;;;;;
Bread - Burger;25.52;30/05/2019;;;;;;;;;
Watercress;65.44;17/07/2023;;;;;;;;;
Gelatine Leaves - Bulk;6.8;02/12/2019;;;;;;;;;
Gelatine Leaves - Bulk;69.48;02/12/2019;;;;;;;;;
Kohlrabi;9.86;05/08/2019;;;;;;;;;
Mini - Vol Au Vents;90.59;10/05/2019;;;;;;;;;
Mini - Vol Au Vents;69.95;10/05/2019;;;;;;;;;
Thyme - Fresh;64.25;10/05/2020;;;;;;;;;
Thyme - Fresh;89,00;10/05/2020;;;;;;;;;
Arizona - Green Tea;33,00;03/01/2019;;;;;;;;;
Mustard Prepared;18.95;19/08/2021;;;;;;;;;
Mustard Prepared;57.86;19/08/2021;;;;;;;;;
Beans - Kidney, Red Dry;58.25;22/04/2022;;;;;;;;;
Beans - Kidney, Red Dry;12.1;22/04/2022;;;;;;;;;
Soap - Hand Soap;53.06;21/05/2020;;;;;;;;;
Soap - Hand Soap;10.89;21/05/2020;;;;;;;;;
Soup Campbells - Italian Wedding;67.04;19/10/2022;;;;;;;;;
Water - Evian 355 Ml;38.39;20/09/2022;;;;;;;;;
Water - Evian 355 Ml;23.8;20/09/2022;;;;;;;;;
Wine - Vineland Estate Semi - Dry;22.62;28/07/2023;;;;;;;;;
Soup - Base Broth Beef;9.07;30/01/2019;;;;;;;;;
Soup - Base Broth Beef;11.99;30/01/2019;;;;;;;;;
Canada Dry;73.8;23/05/2019;;;;;;;;;
Scallops - U - 10;63.77;21/03/2020;;;;;;;;;
Alize Red Passion;19.69;15/06/2023;;;;;;;;;
Cheese - Manchego, Spanish;21.98;17/05/2019;;;;;;;;;
Vinegar - Champagne;40.47;19/04/2021;;;;;;;;;
Gelatine Leaves - Bulk;89.27;20/08/2023;;;;;;;;;
Gelatine Leaves - Bulk;3.7;20/08/2023;;;;;;;;;
Gelatine Leaves - Bulk;45.51;20/08/2023;;;;;;;;;
Gelatine Leaves - Bulk;8.27;20/08/2023;;;;;;;;;
Gelatine Leaves - Bulk;94.71;20/08/2023;;;;;;;;;
Gelatine Leaves - Bulk;12.25;20/08/2023;;;;;;;;;
Pasta - Gnocchi, Potato;64.25;21/03/2019;;;;;;;;;
Pasta - Gnocchi, Potato;5.92;21/03/2019;;;;;;;;;
Pasta - Gnocchi, Potato;84.39;21/03/2019;;;;;;;;;
Turnip - Mini;49.74;14/02/2020;;;;;;;;;
Veal - Leg;99.63;09/07/2022;;;;;;;;;
Veal - Leg;24.64;09/07/2022;;;;;;;;;
Chocolate - Pistoles, Lactee, Milk;78.22;28/05/2021;;;;;;;;;
Water - Aquafina Vitamin;86.51;09/05/2021;;;;;;;;;
Compound - Mocha;70.8;15/09/2021;;;;;;;;;
Wine - White, French Cross;41.84;11/01/2023;;;;;;;;;
Wine - White, French Cross;60.89;11/01/2023;;;;;;;;;
Wine - White, French Cross;40.34;11/01/2023;;;;;;;;;
Wine - White, French Cross;87.08;11/01/2023;;;;;;;;;
Pastry - Mini French Pastries;17.8;12/10/2020;;;;;;;;;
Pastry - Mini French Pastries;87.53;12/10/2020;;;;;;;;;
Pastry - Mini French Pastries;11.93;12/10/2020;;;;;;;;;
Fiddlehead - Frozen;61.73;16/12/2019;;;;;;;;;
Broom - Angled;85.09;02/09/2019;;;;;;;;;
Mushrooms - Honey;86.45;07/08/2022;;;;;;;;;
Beans - Fine;48.85;27/12/2020;;;;;;;;;
Chicken - Whole Roasting;11.83;06/08/2020;;;;;;;;;
Chicken - Whole Roasting;92.17;06/08/2020;;;;;;;;;
Wine - Acient Coast Caberne;61.14;08/09/2023;;;;;;;;;
Wine - Acient Coast Caberne;38.82;08/09/2023;;;;;;;;;
Cheese - Cheddar, Mild;29.87;28/03/2020;;;;;;;;;
Cabbage - Savoy;81.42;13/04/2021;;;;;;;;;
Cabbage - Savoy;70.22;13/04/2021;;;;;;;;;
Cabbage - Savoy;56.41;13/04/2021;;;;;;;;;
Cabbage - Savoy;11.3;13/04/2021;;;;;;;;;
Flavouring - Rum;66.87;21/08/2022;;;;;;;;;
Flavouring - Rum;58.92;21/08/2022;;;;;;;;;
Flavouring - Rum;81.89;21/08/2022;;;;;;;;;
Potatoes - Instant, Mashed;64.64;18/10/2019;;;;;;;;;
Potatoes - Instant, Mashed;77.63;18/10/2019;;;;;;;;;
Wine - Toasted Head;30.42;04/07/2019;;;;;;;;;
Foam Tray S2;25.28;26/04/2021;;;;;;;;;
Mix - Cocktail Ice Cream;7.06;19/06/2021;;;;;;;;;
Honey - Lavender;18.27;06/06/2023;;;;;;;;;
Mayonnaise - Individual Pkg;55.3;01/05/2021;;;;;;;;;
Mayonnaise - Individual Pkg;35.21;01/05/2021;;;;;;;;;
Cake Circle, Foil, Scallop;21.63;26/12/2020;;;;;;;;;
Pork - Sausage, Medium;32.81;24/10/2022;;;;;;;;;
Pork - Sausage, Medium;41.37;24/10/2022;;;;;;;;;
Pastry - Cheese Baked Scones;71.39;26/03/2019;;;;;;;;;
Tomatoes - Vine Ripe, Yellow;78.96;30/10/2022;;;;;;;;;
Duck - Fat;90.34;23/06/2022;;;;;;;;;
Iced Tea - Lemon, 340ml;43.4;22/06/2019;;;;;;;;;
Iced Tea - Lemon, 340ml;78.36;22/06/2019;;;;;;;;;
Wine - Cotes Du Rhone;23.83;20/04/2021;;;;;;;;;
Veal - Leg;99.63;18/09/2019;;;;;;;;;
Veal - Leg;24.64;18/09/2019;;;;;;;;;
Tea - Camomele;83.44;24/08/2021;;;;;;;;;
Wine - Acient Coast Caberne;82.57;13/08/2022;;;;;;;;;
Melon - Cantaloupe;32.46;25/06/2023;;;;;;;;;
Melon - Cantaloupe;48.68;25/06/2023;;;;;;;;;
Bread - Dark Rye, Loaf;44.23;06/05/2021;;;;;;;;;
Shrimp - Baby, Cold Water;42.02;18/02/2020;;;;;;;;;
Shrimp - Baby, Cold Water;86.43;18/02/2020;;;;;;;;;
Plate Pie Foil;80.5;23/12/2021;;;;;;;;;
Corn Kernels - Frozen;30.91;15/10/2019;;;;;;;;;
Wine - Magnotta - Pinot Gris Sr;43.84;14/08/2019;;;;;;;;;
Sprouts - Peppercress;5.6;16/02/2019;;;;;;;;;
Sprouts - Peppercress;19.23;16/02/2019;;;;;;;;;
Tart - Raisin And Pecan;13.77;24/10/2019;;;;;;;;;
Olives - Stuffed;47.72;24/06/2019;;;;;;;;;
Olives - Stuffed;5.48;24/06/2019;;;;;;;;;
Tequila Rose Cream Liquor;84.04;03/03/2019;;;;;;;;;
Muffin Puck Ww Carrot;12.24;09/04/2021;;;;;;;;;
Muffin Puck Ww Carrot;78.65;09/04/2021;;;;;;;;;
Muffin Puck Ww Carrot;59.98;09/04/2021;;;;;;;;;
Wine - Cabernet Sauvignon;28.02;07/09/2020;;;;;;;;;
Wine - Cabernet Sauvignon;7.86;07/09/2020;;;;;;;;;
Wine - Cabernet Sauvignon;26.27;07/09/2020;;;;;;;;;
Wine - Cabernet Sauvignon;79.76;07/09/2020;;;;;;;;;
Canada Dry;73.8;24/01/2023;;;;;;;;;
Tarragon - Primerba, Paste;98.71;12/12/2020;;;;;;;;;
Hummus - Spread;42.49;28/01/2022;;;;;;;;;
Hummus - Spread;23.82;28/01/2022;;;;;;;;;
Hummus - Spread;48.13;28/01/2022;;;;;;;;;
Wine - Magnotta - Pinot Gris Sr;94.75;07/02/2022;;;;;;;;;
Wine - Magnotta - Pinot Gris Sr;57.52;07/02/2022;;;;;;;;;
Towel - Roll White;69.44;27/08/2023;;;;;;;;;
Towel - Roll White;35.99;27/08/2023;;;;;;;;;
Towel - Roll White;6.03;27/08/2023;;;;;;;;;
Pastry - Mini French Pastries;14.47;24/05/2019;;;;;;;;;
Cookies - Oreo, 4 Pack;30.41;30/11/2022;;;;;;;;;
Cookies - Oreo, 4 Pack;87.1;30/11/2022;;;;;;;;;
Cookie Trail Mix;8.75;27/07/2019;;;;;;;;;
Cookie Trail Mix;31.92;27/07/2019;;;;;;;;;
Jam - Raspberry,jar;49.13;07/03/2020;;;;;;;;;
Mini - Vol Au Vents;90.59;24/04/2022;;;;;;;;;
Mini - Vol Au Vents;69.95;24/04/2022;;;;;;;;;
Broom And Brush Rack Black;59.83;25/01/2020;;;;;;;;;
Broom And Brush Rack Black;10.6;25/01/2020;;;;;;;;;
Broom And Brush Rack Black;51.99;25/01/2020;;;;;;;;;
Venison - Striploin;38.78;09/01/2020;;;;;;;;;
Lamb - Whole Head Off;7.17;30/01/2019;;;;;;;;;
Soup - Base Broth Chix;40.65;06/10/2023;;;;;;;;;
Soup Campbells Turkey Veg.;57.97;16/03/2019;;;;;;;;;
Soup Campbells Turkey Veg.;51.8;16/03/2019;;;;;;;;;
Garam Marsala;40.38;01/08/2022;;;;;;;;;
Wine - Pinot Grigio Collavini;4.5;13/07/2022;;;;;;;;;
The Pop Shoppe - Grape;27.92;27/06/2021;;;;;;;;;
The Pop Shoppe - Grape;77.44;27/06/2021;;;;;;;;;
Cheese - Gorgonzola;12.88;17/07/2022;;;;;;;;;
Tofu - Soft;11.43;14/12/2020;;;;;;;;;
Lamb - Shanks;15.35;28/09/2023;;;;;;;;;
Yogurt - Cherry, 175 Gr;26.36;18/04/2021;;;;;;;;;
Yogurt - Cherry, 175 Gr;23.77;18/04/2021;;;;;;;;;
Thyme - Dried;97.31;18/01/2021;;;;;;;;;
Star Anise, Whole;12.75;29/04/2022;;;;;;;;;
Star Anise, Whole;59.35;29/04/2022;;;;;;;;;
Lettuce - Red Leaf;82.11;28/12/2022;;;;;;;;;
Lettuce - Red Leaf;71.94;28/12/2022;;;;;;;;;
Lettuce - Red Leaf;25.75;28/12/2022;;;;;;;;;
Carbonated Water - Strawberry;63.34;24/05/2021;;;;;;;;;
Carbonated Water - Strawberry;86.03;24/05/2021;;;;;;;;;
Hersey Shakes;51.52;24/04/2019;;;;;;;;;
Gatorade - Orange;58.08;24/04/2023;;;;;;;;;
Juice - Mango;47.87;20/08/2023;;;;;;;;;
Juice - Mango;64.3;20/08/2023;;;;;;;;;
Toothpick Frilled;67.54;24/04/2023;;;;;;;;;
Toothpick Frilled;45.4;24/04/2023;;;;;;;;;
Chocolate - Pistoles, Lactee, Milk;78.22;04/02/2023;;;;;;;;;
Muffin Puck Ww Carrot;12.24;28/09/2021;;;;;;;;;
Muffin Puck Ww Carrot;78.65;28/09/2021;;;;;;;;;
Muffin Puck Ww Carrot;59.98;28/09/2021;;;;;;;;;
Foam Espresso Cup Plain White;10.49;16/07/2021;;;;;;;;;
Foam Espresso Cup Plain White;61.54;16/07/2021;;;;;;;;;
Iced Tea - Lemon, 340ml;43.4;14/04/2019;;;;;;;;;
Iced Tea - Lemon, 340ml;78.36;14/04/2019;;;;;;;;;
Oven Mitts - 15 Inch;67.61;21/01/2020;;;;;;;;;
Beef - Striploin Aa;63.22;11/02/2022;;;;;;;;;
Tequila Rose Cream Liquor;77.85;29/05/2023;;;;;;;;;
Juice - Tomato, 10 Oz;31.08;16/07/2022;;;;;;;;;
Rabbit - Frozen;60.27;18/07/2021;;;;;;;;;
Rabbit - Frozen;37.93;18/07/2021;;;;;;;;;
Pear - Prickly;63.19;06/08/2023;;;;;;;;;
Pear - Prickly;55.73;06/08/2023;;;;;;;;;
Pear - Prickly;41.81;06/08/2023;;;;;;;;;
Syrup - Kahlua Chocolate;86.84;20/01/2021;;;;;;;;;
Capers - Pickled;4.55;14/07/2022;;;;;;;;;
Beer - Rickards Red;55.23;16/02/2020;;;;;;;;;
Beer - Rickards Red;96.3;16/02/2020;;;;;;;;;
Wine - White, Mosel Gold;28.24;08/05/2021;;;;;;;;;
Thyme - Fresh;92.14;23/10/2020;;;;;;;;;
Apples - Sliced / Wedge;18.09;15/11/2020;;;;;;;;;
Sugar - Monocystal / Rock;91.69;18/10/2022;;;;;;;;;
Salt - Seasoned;37.45;05/05/2022;;;;;;;;;
Tuna - Bluefin;21.3;06/02/2021;;;;;;;;;
Rum - Dark, Bacardi, Black;95.18;14/07/2021;;;;;;;;;
Rum - Dark, Bacardi, Black;97.27;14/07/2021;;;;;;;;;
Cheese - Cheddar With Claret;81.47;16/06/2020;;;;;;;;;
Hickory Smoke, Liquid;29.17;13/06/2020;;;;;;;;;
Hickory Smoke, Liquid;5.23;13/06/2020;;;;;;;;;
Plate Pie Foil;80.5;02/09/2022;;;;;;;;;
Cheese - Cheddar, Mild;29.87;02/05/2019;;;;;;;;;
Mushroom - Chanterelle, Dry;69.86;22/07/2022;;;;;;;;;
Mushroom - Chanterelle, Dry;30.31;22/07/2022;;;;;;;;;
Shopper Bag - S - 4;6.54;16/04/2019;;;;;;;;;
Beans - Kidney, Red Dry;96.45;27/02/2021;;;;;;;;;
Grouper - Fresh;83.41;02/03/2023;;;;;;;;;
Grouper - Fresh;61.4;02/03/2023;;;;;;;;;
Foam Espresso Cup Plain White;10.49;27/10/2023;;;;;;;;;
Foam Espresso Cup Plain White;61.54;27/10/2023;;;;;;;;;
Cookies - Oreo, 4 Pack;30.41;22/03/2019;;;;;;;;;
Cookies - Oreo, 4 Pack;87.1;22/03/2019;;;;;;;;;
Wine - Magnotta - Cab Franc;49.99;30/09/2019;;;;;;;;;
Browning Caramel Glace;79.21;27/07/2019;;;;;;;;;
Browning Caramel Glace;71.04;27/07/2019;;;;;;;;;
Island Oasis - Mango Daiquiri;48.82;17/02/2020;;;;;;;;;
Island Oasis - Mango Daiquiri;78.01;17/02/2020;;;;;;;;;
Island Oasis - Mango Daiquiri;86.28;17/02/2020;;;;;;;;;
Island Oasis - Mango Daiquiri;6.7;17/02/2020;;;;;;;;;
Boogies;2.93;25/09/2019;;;;;;;;;
Boogies;36,00;25/09/2019;;;;;;;;;
Juice - Mango;47.87;14/05/2021;;;;;;;;;
Juice - Mango;64.3;14/05/2021;;;;;;;;;
Pasta - Orecchiette;36.39;31/12/2022;;;;;;;;;
Pasta - Penne Primavera, Single;78.78;16/01/2021;;;;;;;;;
Water - Aquafina Vitamin;86.51;12/06/2019;;;;;;;;;
Tart - Pecan Butter Squares;63.9;30/08/2020;;;;;;;;;
Tart - Pecan Butter Squares;10.79;30/08/2020;;;;;;;;;
Butter Ripple - Phillips;34.08;12/03/2023;;;;;;;;;
Pepsi - Diet, 355 Ml;91.91;16/08/2020;;;;;;;;;
Pepsi - Diet, 355 Ml;65.26;16/08/2020;;;;;;;;;
Doilies - 8, Paper;91.01;30/05/2023;;;;;;;;;
Wine - Red, Gallo, Merlot;89.22;19/01/2021;;;;;;;;;
Lamb - Loin Chops;15.38;27/06/2021;;;;;;;;;
Lamb - Loin Chops;95.36;27/06/2021;;;;;;;;;
Lamb - Loin Chops;67.36;27/06/2021;;;;;;;;;
Lamb - Loin Chops;3.44;27/06/2021;;;;;;;;;
Lamb - Loin Chops;67.22;27/06/2021;;;;;;;;;
Extract - Rum;10.89;02/10/2022;;;;;;;;;
Brocolinni - Gaylan, Chinese;64.87;21/02/2022;;;;;;;;;
Crab Brie In Phyllo;82.26;18/03/2022;;;;;;;;;
Crab Brie In Phyllo;25.45;18/03/2022;;;;;;;;;
Tuna - Yellowfin;85.3;22/06/2019;;;;;;;;;
Celery Root;65.17;19/07/2021;;;;;;;;;
Lamb - Whole Head Off,nz;50.4;11/05/2022;;;;;;;;;
Lamb - Whole Head Off,nz;76.63;11/05/2022;;;;;;;;;
Steampan - Half Size Shallow;75.74;13/07/2021;;;;;;;;;
Steampan - Half Size Shallow;52.84;13/07/2021;;;;;;;;;
Tea - Lemon Scented;72.41;20/02/2020;;;;;;;;;
Flavouring - Rum;66.87;02/10/2023;;;;;;;;;
Flavouring - Rum;58.92;02/10/2023;;;;;;;;;
Flavouring - Rum;81.89;02/10/2023;;;;;;;;;
Pasta - Fettuccine, Dry;38.07;28/07/2020;;;;;;;;;
Macaroons - Homestyle Two Bit;39.78;20/12/2019;;;;;;;;;
Paper - Brown Paper Mini Cups;86.52;27/05/2020;;;;;;;;;
Oil - Shortening - All - Purpose;77.16;03/12/2022;;;;;;;;;
Oil - Shortening - All - Purpose;10.31;03/12/2022;;;;;;;;;
Banana;43.03;10/05/2019;;;;;;;;;
Banana;75.88;10/05/2019;;;;;;;;;
The Pop Shoppe - Grape;27.92;16/07/2023;;;;;;;;;
The Pop Shoppe - Grape;77.44;16/07/2023;;;;;;;;;
Apples - Sliced / Wedge;18.09;25/02/2019;;;;;;;;;
Pasta - Orecchiette;36.39;06/02/2019;;;;;;;;;
Oil - Canola;46.57;24/05/2023;;;;;;;;;
Oil - Canola;6.47;24/05/2023;;;;;;;;;
Extract - Vanilla,artificial;75.34;05/05/2020;;;;;;;;;
Lamb - Whole Head Off,nz;50.4;09/03/2021;;;;;;;;;
Lamb - Whole Head Off,nz;76.63;09/03/2021;;;;;;;;;
Bread - Mini Hamburger Bun;88.47;24/09/2021;;;;;;;;;
Bread - Mini Hamburger Bun;48.28;24/09/2021;;;;;;;;;
Lotus Root;10.09;10/11/2020;;;;;;;;;
Lotus Root;91.67;10/11/2020;;;;;;;;;
Mousse - Mango;25.44;08/11/2019;;;;;;;;;
Mousse - Mango;61.14;08/11/2019;;;;;;;;;
Mousse - Mango;70.8;08/11/2019;;;;;;;;;
