"nom_producto","cantidad_entrada","fecha_devoluciones"
"Rum - Dark, Bacardi, Black","95.18","2022-12-10"
"Rum - Dark, Bacardi, Black","97.27","2022-12-10"
"Fiddlehead - Frozen","61.73","2022-10-29"
"Energy Drink","66.83","2019-12-23"
"Mousse - Mango","25.44","2023-02-12"
"Mousse - Mango","61.14","2023-02-12"
"Mousse - Mango","70.8","2023-02-12"
"Pasta - Penne, Rigate, Dry","89.8","2022-03-09"
"The Pop Shoppe - Root Beer","31.98","2019-07-15"
"The Pop Shoppe - Root Beer","94.45","2019-07-15"
"The Pop Shoppe - Root Beer","90.97","2019-07-15"
"Iced Tea - Lemon, 460 Ml","24.53","2020-08-02"
"Pasta - Fettuccine, Dry","38.07","2021-06-21"
"Bread - Pita, Mini","74.9","2020-11-23"
"Glass - Wine, Plastic, Clear 5 Oz","5.41","2019-07-20"
"Glass - Wine, Plastic, Clear 5 Oz","82.58","2019-07-20"
"Currants","15.58","2019-02-17"
"Currants","62.47","2019-02-17"
"Pepper - Green, Chili","35.7","2021-11-28"
"Pepper - Green, Chili","19.45","2021-11-28"
"Mayonnaise - Individual Pkg","55.3","2019-01-08"
"Mayonnaise - Individual Pkg","35.21","2019-01-08"
"Beans - Wax","92.65","2023-05-04"
"Scallops - In Shell","68.6","2020-01-29"
"Capers - Pickled","4.55","2022-04-23"
"Papadam","26.48","2022-08-30"
"Rum - Light, Captain Morgan","71.95","2022-12-13"
"Pastry - Mini French Pastries","17.8","2023-08-14"
"Pastry - Mini French Pastries","87.53","2023-08-14"
"Pastry - Mini French Pastries","11.93","2023-08-14"
"Hinge W Undercut","60.18","2020-12-27"
"Tomatoes - Vine Ripe, Yellow","78.96","2021-07-20"
"Butter Ripple - Phillips","34.08","2021-05-01"
"Broom And Brush Rack Black","59.83","2019-06-04"
"Broom And Brush Rack Black","10.6","2019-06-04"
"Broom And Brush Rack Black","51.99","2019-06-04"
"Versatainer Nc - 8288","93.48","2023-05-24"
"Versatainer Nc - 8288","8.34","2023-05-24"
"The Pop Shoppe - Grape","27.92","2020-07-28"
"The Pop Shoppe - Grape","77.44","2020-07-28"
"Cheese - Gorgonzola","12.88","2019-02-12"
"Flavouring - Rum","49.89","2022-03-30"
"Fish - Base, Bouillion","19.96","2022-12-01"
"Fish - Base, Bouillion","29.47","2022-12-01"
"Sproutsmustard Cress","95.11","2023-04-22"
"Capon - Breast, Double, Wing On","23.52","2019-02-07"
"Capon - Breast, Double, Wing On","63.34","2019-02-07"
"Capon - Breast, Double, Wing On","4.2","2019-02-07"
"Pastry - Cheese Baked Scones","71.39","2020-04-09"
"Shark - Loin","72.01","2020-05-25"
"Guinea Fowl","67.7","2022-02-13"
"Toamtoes 6x7 Select","58.55","2020-04-18"
"Soup Campbells Split Pea And Ham","81.76","2022-02-11"
"Tea - Lemon Scented","72.41","2020-05-07"
"Bacardi Limon","99.24","2022-08-16"
"Bacardi Limon","34.62","2022-08-16"
"Boogies","64.49","2021-11-01"
"Boogies","18.91","2021-11-01"
"Boogies","63.4","2021-11-01"
"Kiwi Gold Zespri","48.06","2023-04-26"
"Kiwi Gold Zespri","62.48","2023-04-26"
"Gatorade - Orange","58.08","2019-09-24"
"Sugar - Crumb","39.91","2022-01-20"
"Sugar - Crumb","50.56","2022-01-20"
"Sugar - Crumb","29.72","2022-01-20"
"Pastry - Cheese Baked Scones","59.99","2020-03-14"
"Cheese - Cheddar, Old White","51.65","2020-01-09"
"Lotus Root","10.09","2023-07-18"
"Lotus Root","91.67","2023-07-18"
"Shiratamako - Rice Flour","49.7","2019-02-27"
"Cookie Trail Mix","8.75","2022-09-21"
"Cookie Trail Mix","31.92","2022-09-21"
"Thyme - Fresh","64.25","2023-03-29"
"Thyme - Fresh","89","2023-03-29"
"Kiwi Gold Zespri","48.06","2019-06-29"
"Kiwi Gold Zespri","62.48","2019-06-29"
"Celery Root","65.17","2023-02-06"
"Goulash Seasoning","16.48","2022-04-28"
"Island Oasis - Mango Daiquiri","48.82","2020-05-06"
"Island Oasis - Mango Daiquiri","78.01","2020-05-06"
"Island Oasis - Mango Daiquiri","86.28","2020-05-06"
"Island Oasis - Mango Daiquiri","6.7","2020-05-06"
"Corn Kernels - Frozen","30.91","2020-04-20"
"Wine - Cahors Ac 2000, Clos","88.53","2022-08-23"
"Wine - Cahors Ac 2000, Clos","36.03","2022-08-23"
"Pork - Tenderloin, Frozen","74.47","2021-02-10"
"Pork - Tenderloin, Frozen","56.03","2021-02-10"
"Pork - Tenderloin, Frozen","54.04","2021-02-10"
"Wine - Riesling Alsace Ac 2001","53.98","2023-01-17"
"Wine - Riesling Alsace Ac 2001","96.3","2023-01-17"
"Fish - Atlantic Salmon, Cold","16.81","2020-09-10"
"Wine - Red, Colio Cabernet","2","2020-10-31"
"Wine - Red, Colio Cabernet","18.28","2020-10-31"
"Brocolinni - Gaylan, Chinese","64.87","2023-04-24"
"Tequila Rose Cream Liquor","84.04","2019-03-31"
"Pasta - Gnocchi, Potato","64.25","2021-03-07"
"Pasta - Gnocchi, Potato","5.92","2021-03-07"
"Pasta - Gnocchi, Potato","84.39","2021-03-07"
"Napkin Colour","12.25","2023-09-12"
"Napkin Colour","52.61","2023-09-12"
"Nut - Almond, Blanched, Ground","15.42","2019-02-05"
"Pastry - Mini French Pastries","14.47","2019-12-07"
"Tofu - Soft","11.43","2023-01-17"
"Pork - Ham Hocks - Smoked","2.38","2022-01-12"
"Pasta - Shells, Medium, Dry","75.43","2023-11-10"
"Pasta - Shells, Medium, Dry","16.26","2023-11-10"
"Pasta - Shells, Medium, Dry","64.85","2023-11-10"
"Pasta - Shells, Medium, Dry","49.25","2023-11-10"
"Vacuum Bags 12x16","56.31","2023-11-08"
"Vacuum Bags 12x16","95.68","2023-11-08"
"Sproutsmustard Cress","95.11","2020-09-22"
"Crush - Grape, 355 Ml","44.86","2019-01-29"
"Sea Urchin","4.14","2019-09-19"
"Blouse / Shirt / Sweater","54.75","2021-11-05"
"Juice - Cranberry 284ml","42.64","2021-04-23"
"Truffle Cups Green","79.77","2021-04-25"
"Sauce - Fish 25 Ozf Bottle","73.61","2020-09-27"
"Blueberries","54.63","2019-07-12"
"Blueberries","6.8","2019-07-12"
"Wine - White, French Cross","68.9","2022-01-20"
"Wine - White, French Cross","43","2022-01-20"
"Durian Fruit","33","2023-10-04"
"Beans - Turtle, Black, Dry","77.23","2020-10-02"
"Beans - Turtle, Black, Dry","32.31","2020-10-02"
"Placemat - Scallop, White","37.11","2021-01-16"
"Beer - Tetleys","10.42","2022-01-30"
"Horseradish Root","56.33","2023-10-18"
"Lamb - Racks, Frenched","89.69","2021-09-16"
"Doilies - 7, Paper","37.59","2020-10-05"
"Wine - Blue Nun Qualitatswein","68.14","2020-04-09"
"Wine - Blue Nun Qualitatswein","24.89","2020-04-09"
"Wine - Blue Nun Qualitatswein","17.56","2020-04-09"
"Ecolab Silver Fusion","79.82","2020-09-22"
"Swordfish Loin Portions","9.56","2019-01-05"
"Swordfish Loin Portions","64.25","2019-01-05"
"Pepper - Cayenne","36.12","2019-01-14"
"Tea - Earl Grey","58.42","2022-08-06"
"Tea - Earl Grey","49.98","2022-08-06"
"Urban Zen Drinks","53.49","2022-05-01"
"Island Oasis - Mango Daiquiri","48.82","2021-04-16"
"Island Oasis - Mango Daiquiri","78.01","2021-04-16"
"Island Oasis - Mango Daiquiri","86.28","2021-04-16"
"Island Oasis - Mango Daiquiri","6.7","2021-04-16"
"Kaffir Lime Leaves","99.33","2021-08-16"
"Chicken - Wieners","25.7","2023-06-19"
"Toothpick Frilled","67.54","2021-09-20"
"Toothpick Frilled","45.4","2021-09-20"
"Wine - Riesling Alsace Ac 2001","98.5","2020-03-08"
"Wine - Riesling Alsace Ac 2001","65.34","2020-03-08"
"Tomatoes - Heirloom","7.89","2020-07-29"
"Tomatoes - Heirloom","14.99","2020-07-29"
"Oil - Shortening - All - Purpose","77.16","2021-10-28"
"Oil - Shortening - All - Purpose","10.31","2021-10-28"
"Taro Leaves","81.63","2019-10-13"
"Taro Leaves","96.28","2019-10-13"
"Flavouring - Rum","66.87","2023-06-29"
"Flavouring - Rum","58.92","2023-06-29"
"Flavouring - Rum","81.89","2023-06-29"
"Turkey - Breast, Boneless Sk On","21.11","2022-04-18"
"Melon - Cantaloupe","32.46","2019-02-02"
"Melon - Cantaloupe","48.68","2019-02-02"
"Table Cloth 81x81 White","37.49","2020-09-30"
"Wine - Saint - Bris 2002, Sauv","72.16","2019-03-11"
"Wine - Saint - Bris 2002, Sauv","28.36","2019-03-11"
"Paper - Brown Paper Mini Cups","86.52","2021-07-05"
"Thyme - Fresh","64.25","2023-05-07"
"Thyme - Fresh","89","2023-05-07"
"Tilapia - Fillets","23.36","2022-07-04"
"Tilapia - Fillets","70.34","2022-07-04"
"Tilapia - Fillets","69.62","2022-07-04"
"Tilapia - Fillets","5.53","2022-07-04"
"Pepper - Red Chili","61.67","2022-04-16"
"Hersey Shakes","37.49","2022-12-10"
"Garam Masala Powder","48.03","2021-08-09"
"Garam Masala Powder","39.8","2021-08-09"
"Lamb - Whole Head Off,nz","50.4","2019-05-14"
"Lamb - Whole Head Off,nz","76.63","2019-05-14"
"French Kiss Vanilla","31.06","2022-11-07"
"French Kiss Vanilla","54","2022-11-07"
"Sauce - Demi Glace","69.42","2021-10-18"
"Sauce - Demi Glace","20.47","2021-10-18"
"Parasol Pick Stir Stick","81.65","2021-06-20"
"Flower - Commercial Spider","94.47","2020-10-08"
"Veal - Tenderloin, Untrimmed","75.31","2023-07-14"
"Tart - Raisin And Pecan","13.77","2022-07-04"
"Bacon Strip Precooked","48.76","2021-06-10"
"Rabbit - Whole","27.02","2019-11-17"
"Sobe - Tropical Energy","59.26","2022-02-09"
"Sobe - Tropical Energy","19.87","2022-02-09"
"Sobe - Tropical Energy","25.23","2022-02-09"
"Fish - Bones","14.34","2020-09-18"
"Pastry - Cheese Baked Scones","59.99","2021-01-08"
"Cheese - Taleggio D.o.p.","1.35","2021-08-02"
"Syrup - Kahlua Chocolate","86.84","2020-03-08"
"Piping Jelly - All Colours","46.01","2021-09-18"
"Water - Evian 355 Ml","78.52","2019-04-23"
"Water - Evian 355 Ml","4.54","2019-04-23"
"Bread - Dark Rye, Loaf","44.23","2022-07-28"
"Pasta - Orecchiette","36.39","2022-03-04"
"Taro Leaves","81.63","2021-08-25"
"Taro Leaves","96.28","2021-08-25"
"Gelatine Leaves - Bulk","89.27","2023-01-09"
"Gelatine Leaves - Bulk","3.7","2023-01-09"
"Gelatine Leaves - Bulk","45.51","2023-01-09"
"Gelatine Leaves - Bulk","8.27","2023-01-09"
"Gelatine Leaves - Bulk","94.71","2023-01-09"
"Gelatine Leaves - Bulk","12.25","2023-01-09"
"Doilies - 8, Paper","91.01","2020-12-02"
"Cheese - Cheddar, Old White","51.65","2022-03-23"
"Tomato - Green","86.96","2021-12-03"
"Tomato - Green","77.14","2021-12-03"
"Extract - Rum","10.89","2020-09-07"
"Butter Sweet","22.85","2023-05-21"
"Truffle Cups Green","79.77","2023-05-13"
"Sprouts - Brussel","40.82","2023-10-29"
"Sauerkraut","95.27","2019-09-21"
"Sauerkraut","94.86","2019-09-21"
"Ecolab Silver Fusion","79.82","2021-08-17"
"Vacuum Bags 12x16","56.31","2022-02-02"
"Vacuum Bags 12x16","95.68","2022-02-02"
"Wine - Delicato Merlot","29.97","2020-02-23"
"Sea Bass - Fillets","12.27","2019-10-24"
"Flour - Bran, Red","83.83","2020-11-17"
"Mortadella","49.81","2021-09-13"
"Dc - Frozen Momji","49.59","2020-06-27"
"Toamtoes 6x7 Select","58.55","2023-05-02"
"Beer - Guiness","8.49","2023-06-13"
"Wine - Sawmill Creek Autumn","60.97","2020-02-10"
"Wine - Sawmill Creek Autumn","43.81","2020-02-10"
"Beans - Wax","92.65","2021-01-28"
"Figs","74.9","2022-09-13"
"Chicken - Whole Roasting","11.83","2020-01-16"
"Chicken - Whole Roasting","92.17","2020-01-16"
"Fish - Bones","14.34","2023-08-13"
"Danishes - Mini Raspberry","77.77","2019-10-18"
"Danishes - Mini Raspberry","20.67","2019-10-18"
"Danishes - Mini Raspberry","11.99","2019-10-18"
"Danishes - Mini Raspberry","49.52","2019-10-18"
"Quail Eggs - Canned","72.44","2021-11-27"
"Icecream - Dstk Super Cone","96.78","2022-10-11"
"Icecream - Dstk Super Cone","52.43","2022-10-11"
"Icecream - Dstk Super Cone","29.56","2022-10-11"
"Fiddlehead - Frozen","61.73","2019-01-16"
"Beans - Black Bean, Preserved","54.46","2021-12-09"
"Beans - Black Bean, Preserved","9.75","2021-12-09"
"Beans - Black Bean, Preserved","92.03","2021-12-09"
"Wine - White, French Cross","41.84","2021-11-17"
"Wine - White, French Cross","60.89","2021-11-17"
"Wine - White, French Cross","40.34","2021-11-17"
"Wine - White, French Cross","87.08","2021-11-17"
"Carbonated Water - Raspberry","51.91","2021-07-20"
"Bacon Strip Precooked","48.76","2022-11-10"
"Nestea - Ice Tea, Diet","47.39","2021-03-01"
"Nestea - Ice Tea, Diet","33.39","2021-03-01"
"Fork - Plastic","65.2","2023-05-24"
"Fork - Plastic","26.32","2023-05-24"
"Fork - Plastic","63.84","2023-05-24"
"Water - Aquafina Vitamin","86.51","2021-10-04"
"Chocolate - Pistoles, Lactee, Milk","78.22","2019-10-20"
"Pepsi - Diet, 355 Ml","91.91","2022-06-11"
"Pepsi - Diet, 355 Ml","65.26","2022-06-11"
"Lamb - Whole Head Off","7.17","2021-10-30"
"Chicken - Breast, 5 - 7 Oz","40.09","2022-04-03"
"Chicken - Breast, 5 - 7 Oz","47.34","2022-04-03"
"Coffee - Beans, Whole","38.44","2023-11-02"
"Coffee - Beans, Whole","50.94","2023-11-02"
"Wine - Magnotta - Pinot Gris Sr","43.84","2023-01-14"
"Wine - Cahors Ac 2000, Clos","88.53","2019-05-20"
"Wine - Cahors Ac 2000, Clos","36.03","2019-05-20"
"Cheese - Gorgonzola","12.88","2020-03-15"
"Figs","29.64","2021-09-26"
"Figs","28.7","2021-09-26"
"Bread - Hot Dog Buns","30.52","2023-06-08"
"Cheese - Comtomme","24.95","2022-08-04"
"Cheese - Comtomme","67.71","2022-08-04"
"Guinea Fowl","67.7","2022-02-02"
"Pear - Prickly","63.19","2023-04-24"
"Pear - Prickly","55.73","2023-04-24"
"Pear - Prickly","41.81","2023-04-24"
"Wine - Magnotta - Pinot Gris Sr","94.75","2020-02-28"
"Wine - Magnotta - Pinot Gris Sr","57.52","2020-02-28"
"Beef - Top Butt Aaa","12.26","2019-08-21"
"Beef - Top Butt Aaa","74.24","2019-08-21"
"Beef - Top Butt Aaa","35.65","2019-08-21"
"Tea - Jasmin Green","4.72","2023-11-01"
"Tea - Jasmin Green","27.66","2023-11-01"
"Rootbeer","53.91","2020-04-29"
"Rootbeer","97.62","2020-04-29"
"Wine - Magnotta, White","12.34","2022-03-10"
"Potatoes - Instant, Mashed","64.64","2021-07-21"
"Potatoes - Instant, Mashed","77.63","2021-07-21"
"Tilapia - Fillets","59.88","2023-08-15"
"Kohlrabi","9.86","2022-03-22"
"Goulash Seasoning","16.48","2021-02-20"
"Yogurt - Assorted Pack","45.91","2020-06-24"
"Yogurt - Assorted Pack","8.69","2020-06-24"
"Pickles - Gherkins","29.31","2023-10-21"
"Pickles - Gherkins","75.01","2023-10-21"
"Rabbit - Whole","27.02","2022-07-19"
"Shiratamako - Rice Flour","65.47","2019-03-19"
"Shiratamako - Rice Flour","69.83","2019-03-19"
"Canada Dry","73.8","2020-08-08"
"Wine - Muscadet Sur Lie","21.6","2020-12-24"
"Sauerkraut","95.27","2021-03-01"
"Sauerkraut","94.86","2021-03-01"
"V8 - Berry Blend","13.91","2020-07-02"
"V8 - Berry Blend","49.56","2020-07-02"
"Danishes - Mini Cheese","49.54","2019-11-15"
"Cabbage - Nappa","33.49","2021-10-22"
"Soupfoamcont12oz 112con","24.41","2019-01-09"
"Soupfoamcont12oz 112con","59.58","2019-01-09"
"Soupfoamcont12oz 112con","88.73","2019-01-09"
"Pasta - Rotini, Colour, Dry","72.73","2020-01-06"
"Pasta - Rotini, Colour, Dry","57.39","2020-01-06"
"Grenadillo","34.2","2021-10-02"
"Appetizer - Mini Egg Roll, Shrimp","85.9","2020-04-30"
"Lettuce - Red Leaf","82.11","2019-09-17"
"Lettuce - Red Leaf","71.94","2019-09-17"
"Lettuce - Red Leaf","25.75","2019-09-17"
"Thyme - Fresh","92.14","2021-05-08"
"Rabbit - Frozen","60.27","2020-06-05"
"Rabbit - Frozen","37.93","2020-06-05"
"Chocolate - Chips Compound","86.58","2022-03-14"
"Chocolate - Chips Compound","49.24","2022-03-14"
"Doilies - 10, Paper","45.05","2019-12-31"
"Cheese - Taleggio D.o.p.","1.35","2019-12-31"
"Barley - Pearl","15.2","2019-04-16"
"Barley - Pearl","31.02","2019-04-16"
"Tea - Camomele","83.44","2023-09-16"
"French Kiss Vanilla","31.06","2023-06-13"
"French Kiss Vanilla","54","2023-06-13"
"Roe - Flying Fish","14.61","2019-07-02"
"Roe - Flying Fish","51","2019-07-02"
"Roe - Flying Fish","89.9","2019-07-02"
"Roe - Flying Fish","97.83","2019-07-02"
"Nestea - Ice Tea, Diet","47.39","2022-08-15"
"Nestea - Ice Tea, Diet","33.39","2022-08-15"
"Bread - Bagels, Mini","16.45","2019-06-06"
"Bread - Bagels, Mini","78.96","2019-06-06"
"Kaffir Lime Leaves","99.33","2022-05-11"
"Soup Campbells Split Pea And Ham","81.76","2020-04-30"
"Tequila Rose Cream Liquor","77.85","2021-08-15"
"Apricots Fresh","94.96","2019-09-17"
"Bowl 12 Oz - Showcase 92012","6.42","2022-06-14"
"Bowl 12 Oz - Showcase 92012","56.6","2022-06-14"
"Danishes - Mini Raspberry","77.77","2021-09-24"
"Danishes - Mini Raspberry","20.67","2021-09-24"
"Danishes - Mini Raspberry","11.99","2021-09-24"
"Danishes - Mini Raspberry","49.52","2021-09-24"
"Soap - Hand Soap","53.06","2021-06-17"
"Soap - Hand Soap","10.89","2021-06-17"
"Wine - White, Colubia Cresh","4.47","2023-07-30"
"Nut - Peanut, Roasted","61.31","2021-09-01"
"Barley - Pearl","15.2","2021-01-06"
"Barley - Pearl","31.02","2021-01-06"
"Spice - Chili Powder Mexican","65.64","2019-06-16"
"Yoplait - Strawbrasp Peac","63.32","2023-11-09"
"Yoplait - Strawbrasp Peac","23.44","2023-11-09"
"Yoplait - Strawbrasp Peac","94.89","2023-11-09"
"Pasta - Agnolotti - Butternut","12.28","2019-02-19"
"Pasta - Agnolotti - Butternut","12.58","2019-02-19"
"Pork - Smoked Back Bacon","25.37","2021-06-16"
"Pork - Smoked Back Bacon","41.94","2021-06-16"
"Crackers - Trio","24.87","2020-08-16"
"Beef - Rouladin, Sliced","85.24","2022-07-13"
"Beef - Rouladin, Sliced","87.26","2022-07-13"
"Beef - Rouladin, Sliced","87.25","2022-07-13"
"Steampan - Foil","42.69","2021-08-02"
"Milk - Chocolate 500ml","99.37","2019-03-06"
"Milk - Chocolate 500ml","73.84","2019-03-06"
"Milk - Chocolate 500ml","2.69","2019-03-06"
"Pasta - Penne Primavera, Single","78.78","2021-08-18"
"Lamb - Racks, Frenched","76.99","2023-01-02"
"Lamb - Racks, Frenched","70.47","2023-01-02"
"Crush - Cream Soda","3.75","2020-10-10"
"Spice - Chili Powder Mexican","62.75","2020-11-27"
"Spice - Chili Powder Mexican","38.59","2020-11-27"
"Wine - Port Late Bottled Vintage","28.9","2021-07-27"
"Napkin Colour","26.56","2020-01-16"
"Bread - Mini Hamburger Bun","12.65","2019-12-11"
"Bread - Mini Hamburger Bun","4.36","2019-12-11"
"Wine - White, French Cross","41.84","2023-10-30"
"Wine - White, French Cross","60.89","2023-10-30"
"Wine - White, French Cross","40.34","2023-10-30"
"Wine - White, French Cross","87.08","2023-10-30"
"Wine - Prosecco Valdobienne","57.1","2021-11-24"
"Wine - Prosecco Valdobienne","37.07","2021-11-24"
"Tuna - Bluefin","21.3","2019-05-27"
"Soup - Cream Of Broccoli, Dry","90.79","2023-02-18"
"Soup - Cream Of Broccoli, Dry","37.44","2023-02-18"
"Soup - Cream Of Broccoli, Dry","17.64","2023-02-18"
"Bread - Corn Muffaleta Onion","55.12","2020-11-01"
"Grenadillo","34.2","2020-03-19"
"Cake Slab","49.18","2019-06-12"
"Ecolab - Hobart Washarm End Cap","29.43","2019-01-30"
"Ecolab - Hobart Washarm End Cap","17.23","2019-01-30"
"Pasta - Orecchiette","36.39","2022-01-29"
"Saskatoon Berries - Frozen","75.1","2021-10-30"
"Honey - Lavender","18.27","2023-02-03"
"Truffle Cups - Brown","95.92","2021-11-13"
"Capers - Pickled","4.55","2022-04-19"
"Coffee - Beans, Whole","38.44","2020-12-06"
"Coffee - Beans, Whole","50.94","2020-12-06"
"Vacuum Bags 12x16","56.31","2021-01-01"
"Vacuum Bags 12x16","95.68","2021-01-01"
"Iced Tea - Lemon, 460 Ml","24.53","2019-04-13"
"Gatorade - Orange","58.08","2020-07-04"
"Chicken - Whole Roasting","11.83","2020-04-28"
"Chicken - Whole Roasting","92.17","2020-04-28"
"Duck - Fat","90.34","2020-06-24"
"Carrots - Mini Red Organic","93.9","2020-02-24"
"Carrots - Mini Red Organic","23.59","2020-02-24"
"Cheese - Gorgonzola","12.88","2020-10-01"
"Island Oasis - Cappucino Mix","13.42","2022-03-20"
"Bread - Corn Muffaleta Onion","55.12","2022-08-05"
"Hickory Smoke, Liquid","29.17","2019-01-03"
"Hickory Smoke, Liquid","5.23","2019-01-03"
"Gelatine Leaves - Bulk","89.27","2022-08-30"
"Gelatine Leaves - Bulk","3.7","2022-08-30"
"Gelatine Leaves - Bulk","45.51","2022-08-30"
"Gelatine Leaves - Bulk","8.27","2022-08-30"
"Gelatine Leaves - Bulk","94.71","2022-08-30"
"Gelatine Leaves - Bulk","12.25","2022-08-30"
"Pasta - Penne, Rigate, Dry","89.8","2019-04-02"
"Cheese - Taleggio D.o.p.","1.35","2020-01-10"
"Cookies Oatmeal Raisin","2.45","2020-04-28"
"Wine - White, Mosel Gold","28.24","2019-09-05"
"Appetizer - Mini Egg Roll, Shrimp","85.9","2022-03-15"
"Jolt Cola","74.52","2023-10-09"
"Tomatoes - Vine Ripe, Yellow","78.96","2019-02-22"
"Hinge W Undercut","18.99","2019-05-17"
"Hinge W Undercut","44.77","2019-05-17"
"Pasta - Detalini, White, Fresh","42.41","2023-02-02"
"Foam Cup 6 Oz","13.35","2020-08-31"
"Appetizer - Mini Egg Roll, Shrimp","85.9","2019-01-23"
"Cilantro / Coriander - Fresh","71.1","2023-11-03"
"Cilantro / Coriander - Fresh","57.07","2023-11-03"
"Cilantro / Coriander - Fresh","77.52","2023-11-03"
"Foam Cup 6 Oz","13.35","2020-08-24"
"Salmon - Atlantic, Skin On","8.66","2022-05-05"
"Salmon - Atlantic, Skin On","4.56","2022-05-05"
"Squid Ink","39.89","2020-06-25"
"Bread - Mini Hamburger Bun","12.65","2021-02-05"
"Bread - Mini Hamburger Bun","4.36","2021-02-05"
"Mousse - Mango","25.44","2021-02-14"
"Mousse - Mango","61.14","2021-02-14"
"Mousse - Mango","70.8","2021-02-14"
"Pasta - Detalini, White, Fresh","42.41","2022-09-05"
"Sobe - Tropical Energy","59.26","2021-10-21"
"Sobe - Tropical Energy","19.87","2021-10-21"
"Sobe - Tropical Energy","25.23","2021-10-21"
"Alize Red Passion","19.69","2020-04-02"
"Buffalo - Striploin","12.84","2019-01-15"
"Buffalo - Striploin","22.03","2019-01-15"
"Appetizer - Chicken Satay","16.58","2021-04-23"
"Appetizer - Chicken Satay","55.52","2021-04-23"
"Potatoes - Instant, Mashed","64.64","2020-12-05"
"Potatoes - Instant, Mashed","77.63","2020-12-05"
"Tea - Earl Grey","58.42","2021-02-07"
"Tea - Earl Grey","49.98","2021-02-07"
"Cheese - Comtomme","24.95","2019-08-27"
"Cheese - Comtomme","67.71","2019-08-27"
"Vinegar - Champagne","24.79","2021-05-19"
"Vinegar - Champagne","93.59","2021-05-19"
"Fiddlehead - Frozen","61.73","2020-05-25"
"Chocolate - Chips Compound","86.58","2022-08-25"
"Chocolate - Chips Compound","49.24","2022-08-25"
"Bread - Pumpernickle, Rounds","1.31","2020-09-27"
"Beer - Rickards Red","55.23","2019-06-24"
"Beer - Rickards Red","96.3","2019-06-24"
"Garlic - Elephant","94.39","2022-03-12"
"Arizona - Green Tea","33","2022-06-14"
"Cookies - Oreo, 4 Pack","30.41","2019-03-05"
"Cookies - Oreo, 4 Pack","87.1","2019-03-05"
"Chicken - Soup Base","74.23","2023-01-03"
"Macaroons - Homestyle Two Bit","39.78","2020-02-01"
"Heavy Duty Dust Pan","81.47","2021-03-15"
"Heavy Duty Dust Pan","6.6","2021-03-15"
"Icecream - Dstk Super Cone","96.78","2020-01-10"
"Icecream - Dstk Super Cone","52.43","2020-01-10"
"Icecream - Dstk Super Cone","29.56","2020-01-10"
"Loaf Pan - 2 Lb, Foil","93.66","2021-11-22"
"Loaf Pan - 2 Lb, Foil","68.91","2021-11-22"
"Soup V8 Roasted Red Pepper","74.42","2022-08-14"
"Soup V8 Roasted Red Pepper","12.43","2022-08-14"
"Bread - Mini Hamburger Bun","88.47","2019-08-16"
"Bread - Mini Hamburger Bun","48.28","2019-08-16"
"Tea - Honey Green Tea","72.04","2022-07-31"
"Tea - Honey Green Tea","28.44","2022-07-31"
"Tea - Honey Green Tea","13.41","2022-07-31"
"Tea - Honey Green Tea","32.87","2022-07-31"
"Carrots - Mini Red Organic","93.9","2021-07-26"
"Carrots - Mini Red Organic","23.59","2021-07-26"
"Blouse / Shirt / Sweater","54.75","2020-08-02"
"Cheese - Cheddar With Claret","81.47","2023-09-28"
"Tuna - Yellowfin","85.3","2020-09-17"
"Tea - Decaf Lipton","62.04","2023-09-20"
"Nut - Walnut, Chopped","92.39","2023-08-18"
"Tilapia - Fillets","59.88","2019-03-07"
"Butter Sweet","22.85","2023-06-11"
"Quiche Assorted","74.08","2022-03-15"
"Blouse / Shirt / Sweater","54.75","2021-07-14"
"Tequila Rose Cream Liquor","77.85","2019-11-30"
"Pastry - Mini French Pastries","14.47","2022-10-11"
"Beans - Kidney, Red Dry","96.45","2022-08-07"
"Heavy Duty Dust Pan","81.47","2020-09-24"
"Heavy Duty Dust Pan","6.6","2020-09-24"
"Wine - Acient Coast Caberne","61.14","2020-04-30"
"Wine - Acient Coast Caberne","38.82","2020-04-30"
"Bread - Roll, Calabrese","1.49","2021-02-13"
"Bread - Roll, Calabrese","97.35","2021-02-13"
"Capon - Breast, Double, Wing On","23.52","2023-02-14"
"Capon - Breast, Double, Wing On","63.34","2023-02-14"
"Capon - Breast, Double, Wing On","4.2","2023-02-14"
"Juice - Tomato, 10 Oz","31.08","2019-10-20"
"Chocolate - Pistoles, Lactee, Milk","78.22","2019-11-04"
"Butter Ripple - Phillips","34.08","2019-06-12"
"Sprouts - Brussel","40.82","2019-05-28"
"Tuna - Fresh","98.15","2023-02-21"
"Pastry - Mini French Pastries","14.47","2022-01-30"
"Icecream - Dstk Super Cone","96.78","2023-05-02"
"Icecream - Dstk Super Cone","52.43","2023-05-02"
"Icecream - Dstk Super Cone","29.56","2023-05-02"
"Chicken Giblets","74.28","2022-09-20"
"Chicken Giblets","82.6","2022-09-20"
"Chicken Giblets","52.57","2022-09-20"
"Salami - Genova","65.29","2019-09-10"
"Cheese - Cheddar, Old White","51.65","2020-09-03"
"Banana Turning","95.25","2023-09-10"
"Wine - Magnotta - Pinot Gris Sr","43.84","2021-12-19"
"Sobe - Orange Carrot","11.71","2022-01-03"
"Olives - Stuffed","87.45","2020-11-15"
"Olives - Stuffed","87.45","2021-08-26"
"Sauerkraut","95.27","2020-03-11"
"Sauerkraut","94.86","2020-03-11"
"Yogurt - Cherry, 175 Gr","26.36","2019-05-29"
"Yogurt - Cherry, 175 Gr","23.77","2019-05-29"
"Cookie Trail Mix","8.75","2021-05-17"
"Cookie Trail Mix","31.92","2021-05-17"
"Tofu - Soft","11.43","2019-09-03"
"Carbonated Water - Raspberry","51.91","2022-12-25"
"Rum - Mount Gay Eclipes","34.01","2019-10-26"
"Wine - White, Lindemans Bin 95","44.67","2021-09-13"
"Salt - Celery","62.82","2023-09-07"
"Salt - Seasoned","37.45","2020-10-17"
"Gelatine Leaves - Bulk","89.27","2020-05-01"
"Gelatine Leaves - Bulk","3.7","2020-05-01"
"Gelatine Leaves - Bulk","45.51","2020-05-01"
"Gelatine Leaves - Bulk","8.27","2020-05-01"
"Gelatine Leaves - Bulk","94.71","2020-05-01"
"Gelatine Leaves - Bulk","12.25","2020-05-01"
"Beans - Black Bean, Preserved","54.46","2023-03-08"
"Beans - Black Bean, Preserved","9.75","2023-03-08"
"Beans - Black Bean, Preserved","92.03","2023-03-08"
"Bowl 12 Oz - Showcase 92012","6.42","2022-10-30"
"Bowl 12 Oz - Showcase 92012","56.6","2022-10-30"
"Scallops - U - 10","63.77","2020-03-31"
"Water - Evian 355 Ml","78.52","2023-10-08"
"Water - Evian 355 Ml","4.54","2023-10-08"
"Dried Apple","81.78","2023-01-19"
"Dried Apple","75.22","2023-01-19"
"Bread Sour Rolls","53.94","2019-07-03"
"Bread Sour Rolls","80.4","2019-07-03"
"Bread - 10 Grain Parisian","56.09","2020-03-30"
"Sea Bass - Fillets","12.27","2023-01-30"
"Mortadella","49.81","2023-06-05"
"Wine - Magnotta, White","64.94","2023-02-06"
"Pears - Bartlett","54.77","2023-10-30"
"Crab Brie In Phyllo","82.26","2021-09-04"
"Crab Brie In Phyllo","25.45","2021-09-04"
"Coconut - Shredded, Sweet","35.73","2022-02-18"
"Coconut - Shredded, Sweet","28.56","2022-02-18"
"Corn Kernels - Frozen","41.45","2019-06-22"
"Corn Kernels - Frozen","72.86","2019-06-22"
"Hickory Smoke, Liquid","29.17","2021-07-30"
"Hickory Smoke, Liquid","5.23","2021-07-30"
"Soup - Knorr, Chicken Noodle","52.45","2021-02-01"
"Soup - Knorr, Chicken Noodle","36.09","2021-02-01"
"Tomatoes - Yellow Hot House","10.88","2023-06-02"
"Muffin Hinge - 211n","5.36","2020-04-01"
"Tea - Decaf Lipton","62.04","2020-08-24"
"Thyme - Fresh","92.14","2022-11-11"
"Goulash Seasoning","16.48","2021-11-09"
"Shiratamako - Rice Flour","65.47","2021-01-17"
"Shiratamako - Rice Flour","69.83","2021-01-17"
"Onions - Spanish","59.3","2022-06-13"
"Mackerel Whole Fresh","19.34","2022-09-08"
"Mackerel Whole Fresh","15.44","2022-09-08"
"Mackerel Whole Fresh","40.53","2022-09-08"
"Mackerel Whole Fresh","2.08","2022-09-08"
"Mackerel Whole Fresh","96.4","2022-09-08"
"Lettuce - Baby Salad Greens","94.24","2021-03-05"
"Strawberries","96.02","2022-06-22"
"Lid Tray - 16in Dome","62.82","2020-05-16"
"Bread - Sour Batard","60.22","2021-01-22"
"Crush - Cream Soda","3.75","2023-02-15"
"Stock - Beef, White","17.44","2023-10-13"
"Sour Puss - Tangerine","81.51","2021-08-02"
"Chocolate - Pistoles, Lactee, Milk","78.22","2022-10-11"
"Cabbage - Nappa","33.49","2020-06-02"
"Crush - Cream Soda","3.75","2022-10-30"
"Hummus - Spread","42.49","2022-05-11"
"Hummus - Spread","23.82","2022-05-11"
"Hummus - Spread","48.13","2022-05-11"
"Taro Leaves","81.63","2021-04-21"
"Taro Leaves","96.28","2021-04-21"
"Pasta - Agnolotti - Butternut","12.28","2023-08-17"
"Pasta - Agnolotti - Butternut","12.58","2023-08-17"
"Juice - Tomato, 10 Oz","31.08","2023-09-13"
"Tamarillo","80.58","2023-03-18"
"Iced Tea - Lemon, 340ml","43.4","2019-10-17"
"Iced Tea - Lemon, 340ml","78.36","2019-10-17"
"Coffee - Beans, Whole","38.44","2020-04-01"
"Coffee - Beans, Whole","50.94","2020-04-01"
"Blueberries","1.5","2021-02-14"
"Blueberries","35.7","2021-02-14"
"Pastry - Mini French Pastries","14.47","2020-05-22"
"Rum - Dark, Bacardi, Black","95.18","2023-08-31"
"Rum - Dark, Bacardi, Black","97.27","2023-08-31"
"Soup - Knorr, Classic Can. Chili","67.57","2019-10-23"
"Soup - Knorr, Classic Can. Chili","58.87","2019-10-23"
"Extract - Rum","10.89","2022-11-17"
"Shrimp - Black Tiger 13/15","9.68","2022-11-20"
"Shrimp - Black Tiger 13/15","50.98","2022-11-20"
"Chocolate Liqueur - Godet White","14.14","2023-03-30"
"Chocolate Liqueur - Godet White","81.93","2023-03-30"
"Bowl 12 Oz - Showcase 92012","6.42","2019-04-20"
"Bowl 12 Oz - Showcase 92012","56.6","2019-04-20"
"Loaf Pan - 2 Lb, Foil","95.78","2023-07-24"
"Loaf Pan - 2 Lb, Foil","78.25","2023-07-24"
"Loaf Pan - 2 Lb, Foil","3.98","2023-07-24"
"Roe - Flying Fish","14.61","2022-01-18"
"Roe - Flying Fish","51","2022-01-18"
"Roe - Flying Fish","89.9","2022-01-18"
"Roe - Flying Fish","97.83","2022-01-18"
"Steampan - Foil","86.48","2020-01-03"
"Steampan - Foil","68.03","2020-01-03"
"Wine - Port Late Bottled Vintage","28.9","2019-08-20"
"Cheese - Comte","43.76","2022-08-26"
"Coffee - Beans, Whole","38.44","2021-02-27"
"Coffee - Beans, Whole","50.94","2021-02-27"
"Shiratamako - Rice Flour","65.47","2019-10-18"
"Shiratamako - Rice Flour","69.83","2019-10-18"
"Beef - Striploin","43.58","2019-04-16"
"Beef - Striploin","79.58","2019-04-16"
"Cheese - Grana Padano","4.67","2020-12-11"
"Southern Comfort","57.51","2022-12-09"
"Mini - Vol Au Vents","90.59","2019-11-01"
"Mini - Vol Au Vents","69.95","2019-11-01"
"Energy Drink","66.83","2023-01-13"
"Pasta - Rotini, Colour, Dry","72.73","2021-02-17"
"Pasta - Rotini, Colour, Dry","57.39","2021-02-17"
"Flower - Commercial Spider","94.47","2020-02-25"
"Onions - Spanish","59.3","2022-11-02"
"Veal - Inside Round / Top, Lean","86.2","2023-03-19"
"Chocolate - Chips Compound","86.58","2019-12-28"
"Chocolate - Chips Compound","49.24","2019-12-28"
"Chicken - Wieners","25.7","2020-06-19"
"Tomatoes - Yellow Hot House","10.88","2022-08-23"
"Veal - Leg","99.63","2020-02-17"
"Veal - Leg","24.64","2020-02-17"
"Foam Tray S2","25.28","2019-08-19"
"Sauce - Demi Glace","69.42","2022-11-05"
"Sauce - Demi Glace","20.47","2022-11-05"
"Garlic - Elephant","94.39","2023-02-21"
"Chocolate - Pistoles, Lactee, Milk","78.22","2020-05-31"
"Salmon - Atlantic, Skin On","8.66","2022-02-15"
"Salmon - Atlantic, Skin On","4.56","2022-02-15"
"Mustard - Dry, Powder","37.25","2022-07-04"
"Mustard - Dry, Powder","9.51","2022-07-04"
"Mustard - Dry, Powder","9.21","2022-07-04"
"Fish - Halibut, Cold Smoked","18.07","2021-07-25"
"Fish - Halibut, Cold Smoked","76.37","2021-07-25"
"Fond - Chocolate","63.22","2021-06-21"
"Cheese - Stilton","99.06","2022-08-24"
"Cheese - Stilton","32.67","2022-08-24"
"Pork - Suckling Pig","91.8","2019-08-15"
"Juice - Tomato, 10 Oz","31.08","2022-09-05"
"Cake - Cheese Cake 9 Inch","44.38","2019-05-31"
"Cake - Cheese Cake 9 Inch","60.92","2019-05-31"
"Shrimp - Black Tiger 6 - 8","18.59","2020-08-31"
"Shrimp - Black Tiger 6 - 8","94.45","2020-08-31"
"Island Oasis - Banana Daiquiri","52.23","2022-08-28"
"Island Oasis - Banana Daiquiri","11.46","2022-08-28"
"Cilantro / Coriander - Fresh","43.6","2020-06-05"
"Cilantro / Coriander - Fresh","38.32","2020-06-05"
"Wiberg Cure","37.64","2022-08-13"
"French Kiss Vanilla","31.06","2020-07-02"
"French Kiss Vanilla","54","2020-07-02"
"Cookies Oatmeal Raisin","2.45","2021-07-17"
"Lamb - Whole Head Off,nz","50.4","2019-10-14"
"Lamb - Whole Head Off,nz","76.63","2019-10-14"
"Beef - Tenderlion, Center Cut","11.41","2020-02-28"
"Beef - Tenderlion, Center Cut","77.25","2020-02-28"
"Chocolate Liqueur - Godet White","14.14","2021-05-08"
"Chocolate Liqueur - Godet White","81.93","2021-05-08"
"Veal - Inside Round / Top, Lean","86.2","2019-11-18"
"Pear - Prickly","63.19","2021-08-06"
"Pear - Prickly","55.73","2021-08-06"
"Pear - Prickly","41.81","2021-08-06"
"Compound - Rum","60.6","2019-05-16"
"Compound - Rum","53.22","2019-05-16"
"Compound - Rum","19.8","2019-05-16"
"Turkey - Breast, Double","3.01","2022-03-20"
"Turkey - Breast, Double","71.15","2022-03-20"
"Turkey - Breast, Double","71.91","2022-03-20"
"Lid Tray - 16in Dome","62.82","2022-05-19"
"Lettuce - Red Leaf","82.11","2020-06-20"
"Lettuce - Red Leaf","71.94","2020-06-20"
"Lettuce - Red Leaf","25.75","2020-06-20"
"Soup V8 Roasted Red Pepper","74.42","2020-07-19"
"Soup V8 Roasted Red Pepper","12.43","2020-07-19"
"Carbonated Water - Cherry","90.42","2022-01-21"
"Beer - Alexander Kieths, Pale Ale","75.65","2020-08-22"
"Table Cloth 81x81 White","37.49","2022-06-02"
"Bread - Burger","25.52","2019-05-30"
"Watercress","65.44","2023-07-17"
"Gelatine Leaves - Bulk","6.8","2019-12-02"
"Gelatine Leaves - Bulk","69.48","2019-12-02"
"Kohlrabi","9.86","2019-08-05"
"Mini - Vol Au Vents","90.59","2019-05-10"
"Mini - Vol Au Vents","69.95","2019-05-10"
"Thyme - Fresh","64.25","2020-05-10"
"Thyme - Fresh","89","2020-05-10"
"Arizona - Green Tea","33","2019-01-03"
"Mustard Prepared","18.95","2021-08-19"
"Mustard Prepared","57.86","2021-08-19"
"Beans - Kidney, Red Dry","58.25","2022-04-22"
"Beans - Kidney, Red Dry","12.1","2022-04-22"
"Soap - Hand Soap","53.06","2020-05-21"
"Soap - Hand Soap","10.89","2020-05-21"
"Soup Campbells - Italian Wedding","67.04","2022-10-19"
"Water - Evian 355 Ml","38.39","2022-09-20"
"Water - Evian 355 Ml","23.8","2022-09-20"
"Wine - Vineland Estate Semi - Dry","22.62","2023-07-28"
"Soup - Base Broth Beef","9.07","2019-01-30"
"Soup - Base Broth Beef","11.99","2019-01-30"
"Canada Dry","73.8","2019-05-23"
"Scallops - U - 10","63.77","2020-03-21"
"Alize Red Passion","19.69","2023-06-15"
"Cheese - Manchego, Spanish","21.98","2019-05-17"
"Vinegar - Champagne","40.47","2021-04-19"
"Gelatine Leaves - Bulk","89.27","2023-08-20"
"Gelatine Leaves - Bulk","3.7","2023-08-20"
"Gelatine Leaves - Bulk","45.51","2023-08-20"
"Gelatine Leaves - Bulk","8.27","2023-08-20"
"Gelatine Leaves - Bulk","94.71","2023-08-20"
"Gelatine Leaves - Bulk","12.25","2023-08-20"
"Pasta - Gnocchi, Potato","64.25","2019-03-21"
"Pasta - Gnocchi, Potato","5.92","2019-03-21"
"Pasta - Gnocchi, Potato","84.39","2019-03-21"
"Turnip - Mini","49.74","2020-02-14"
"Veal - Leg","99.63","2022-07-09"
"Veal - Leg","24.64","2022-07-09"
"Chocolate - Pistoles, Lactee, Milk","78.22","2021-05-28"
"Water - Aquafina Vitamin","86.51","2021-05-09"
"Compound - Mocha","70.8","2021-09-15"
"Wine - White, French Cross","41.84","2023-01-11"
"Wine - White, French Cross","60.89","2023-01-11"
"Wine - White, French Cross","40.34","2023-01-11"
"Wine - White, French Cross","87.08","2023-01-11"
"Pastry - Mini French Pastries","17.8","2020-10-12"
"Pastry - Mini French Pastries","87.53","2020-10-12"
"Pastry - Mini French Pastries","11.93","2020-10-12"
"Fiddlehead - Frozen","61.73","2019-12-16"
"Broom - Angled","85.09","2019-09-02"
"Mushrooms - Honey","86.45","2022-08-07"
"Beans - Fine","48.85","2020-12-27"
"Chicken - Whole Roasting","11.83","2020-08-06"
"Chicken - Whole Roasting","92.17","2020-08-06"
"Wine - Acient Coast Caberne","61.14","2023-09-08"
"Wine - Acient Coast Caberne","38.82","2023-09-08"
"Cheese - Cheddar, Mild","29.87","2020-03-28"
"Cabbage - Savoy","81.42","2021-04-13"
"Cabbage - Savoy","70.22","2021-04-13"
"Cabbage - Savoy","56.41","2021-04-13"
"Cabbage - Savoy","11.3","2021-04-13"
"Flavouring - Rum","66.87","2022-08-21"
"Flavouring - Rum","58.92","2022-08-21"
"Flavouring - Rum","81.89","2022-08-21"
"Potatoes - Instant, Mashed","64.64","2019-10-18"
"Potatoes - Instant, Mashed","77.63","2019-10-18"
"Wine - Toasted Head","30.42","2019-07-04"
"Foam Tray S2","25.28","2021-04-26"
"Mix - Cocktail Ice Cream","7.06","2021-06-19"
"Honey - Lavender","18.27","2023-06-06"
"Mayonnaise - Individual Pkg","55.3","2021-05-01"
"Mayonnaise - Individual Pkg","35.21","2021-05-01"
"Cake Circle, Foil, Scallop","21.63","2020-12-26"
"Pork - Sausage, Medium","32.81","2022-10-24"
"Pork - Sausage, Medium","41.37","2022-10-24"
"Pastry - Cheese Baked Scones","71.39","2019-03-26"
"Tomatoes - Vine Ripe, Yellow","78.96","2022-10-30"
"Duck - Fat","90.34","2022-06-23"
"Iced Tea - Lemon, 340ml","43.4","2019-06-22"
"Iced Tea - Lemon, 340ml","78.36","2019-06-22"
"Wine - Cotes Du Rhone","23.83","2021-04-20"
"Veal - Leg","99.63","2019-09-18"
"Veal - Leg","24.64","2019-09-18"
"Tea - Camomele","83.44","2021-08-24"
"Wine - Acient Coast Caberne","82.57","2022-08-13"
"Melon - Cantaloupe","32.46","2023-06-25"
"Melon - Cantaloupe","48.68","2023-06-25"
"Bread - Dark Rye, Loaf","44.23","2021-05-06"
"Shrimp - Baby, Cold Water","42.02","2020-02-18"
"Shrimp - Baby, Cold Water","86.43","2020-02-18"
"Plate Pie Foil","80.5","2021-12-23"
"Corn Kernels - Frozen","30.91","2019-10-15"
"Wine - Magnotta - Pinot Gris Sr","43.84","2019-08-14"
"Sprouts - Peppercress","5.6","2019-02-16"
"Sprouts - Peppercress","19.23","2019-02-16"
"Tart - Raisin And Pecan","13.77","2019-10-24"
"Olives - Stuffed","47.72","2019-06-24"
"Olives - Stuffed","5.48","2019-06-24"
"Tequila Rose Cream Liquor","84.04","2019-03-03"
"Muffin Puck Ww Carrot","12.24","2021-04-09"
"Muffin Puck Ww Carrot","78.65","2021-04-09"
"Muffin Puck Ww Carrot","59.98","2021-04-09"
"Wine - Cabernet Sauvignon","28.02","2020-09-07"
"Wine - Cabernet Sauvignon","7.86","2020-09-07"
"Wine - Cabernet Sauvignon","26.27","2020-09-07"
"Wine - Cabernet Sauvignon","79.76","2020-09-07"
"Canada Dry","73.8","2023-01-24"
"Tarragon - Primerba, Paste","98.71","2020-12-12"
"Hummus - Spread","42.49","2022-01-28"
"Hummus - Spread","23.82","2022-01-28"
"Hummus - Spread","48.13","2022-01-28"
"Wine - Magnotta - Pinot Gris Sr","94.75","2022-02-07"
"Wine - Magnotta - Pinot Gris Sr","57.52","2022-02-07"
"Towel - Roll White","69.44","2023-08-27"
"Towel - Roll White","35.99","2023-08-27"
"Towel - Roll White","6.03","2023-08-27"
"Pastry - Mini French Pastries","14.47","2019-05-24"
"Cookies - Oreo, 4 Pack","30.41","2022-11-30"
"Cookies - Oreo, 4 Pack","87.1","2022-11-30"
"Cookie Trail Mix","8.75","2019-07-27"
"Cookie Trail Mix","31.92","2019-07-27"
"Jam - Raspberry,jar","49.13","2020-03-07"
"Mini - Vol Au Vents","90.59","2022-04-24"
"Mini - Vol Au Vents","69.95","2022-04-24"
"Broom And Brush Rack Black","59.83","2020-01-25"
"Broom And Brush Rack Black","10.6","2020-01-25"
"Broom And Brush Rack Black","51.99","2020-01-25"
"Venison - Striploin","38.78","2020-01-09"
"Lamb - Whole Head Off","7.17","2019-01-30"
"Soup - Base Broth Chix","40.65","2023-10-06"
"Soup Campbells Turkey Veg.","57.97","2019-03-16"
"Soup Campbells Turkey Veg.","51.8","2019-03-16"
"Garam Marsala","40.38","2022-08-01"
"Wine - Pinot Grigio Collavini","4.5","2022-07-13"
"The Pop Shoppe - Grape","27.92","2021-06-27"
"The Pop Shoppe - Grape","77.44","2021-06-27"
"Cheese - Gorgonzola","12.88","2022-07-17"
"Tofu - Soft","11.43","2020-12-14"
"Lamb - Shanks","15.35","2023-09-28"
"Yogurt - Cherry, 175 Gr","26.36","2021-04-18"
"Yogurt - Cherry, 175 Gr","23.77","2021-04-18"
"Thyme - Dried","97.31","2021-01-18"
"Star Anise, Whole","12.75","2022-04-29"
"Star Anise, Whole","59.35","2022-04-29"
"Lettuce - Red Leaf","82.11","2022-12-28"
"Lettuce - Red Leaf","71.94","2022-12-28"
"Lettuce - Red Leaf","25.75","2022-12-28"
"Carbonated Water - Strawberry","63.34","2021-05-24"
"Carbonated Water - Strawberry","86.03","2021-05-24"
"Hersey Shakes","51.52","2019-04-24"
"Gatorade - Orange","58.08","2023-04-24"
"Juice - Mango","47.87","2023-08-20"
"Juice - Mango","64.3","2023-08-20"
"Toothpick Frilled","67.54","2023-04-24"
"Toothpick Frilled","45.4","2023-04-24"
"Chocolate - Pistoles, Lactee, Milk","78.22","2023-02-04"
"Muffin Puck Ww Carrot","12.24","2021-09-28"
"Muffin Puck Ww Carrot","78.65","2021-09-28"
"Muffin Puck Ww Carrot","59.98","2021-09-28"
"Foam Espresso Cup Plain White","10.49","2021-07-16"
"Foam Espresso Cup Plain White","61.54","2021-07-16"
"Iced Tea - Lemon, 340ml","43.4","2019-04-14"
"Iced Tea - Lemon, 340ml","78.36","2019-04-14"
"Oven Mitts - 15 Inch","67.61","2020-01-21"
"Beef - Striploin Aa","63.22","2022-02-11"
"Tequila Rose Cream Liquor","77.85","2023-05-29"
"Juice - Tomato, 10 Oz","31.08","2022-07-16"
"Rabbit - Frozen","60.27","2021-07-18"
"Rabbit - Frozen","37.93","2021-07-18"
"Pear - Prickly","63.19","2023-08-06"
"Pear - Prickly","55.73","2023-08-06"
"Pear - Prickly","41.81","2023-08-06"
"Syrup - Kahlua Chocolate","86.84","2021-01-20"
"Capers - Pickled","4.55","2022-07-14"
"Beer - Rickards Red","55.23","2020-02-16"
"Beer - Rickards Red","96.3","2020-02-16"
"Wine - White, Mosel Gold","28.24","2021-05-08"
"Thyme - Fresh","92.14","2020-10-23"
"Apples - Sliced / Wedge","18.09","2020-11-15"
"Sugar - Monocystal / Rock","91.69","2022-10-18"
"Salt - Seasoned","37.45","2022-05-05"
"Tuna - Bluefin","21.3","2021-02-06"
"Rum - Dark, Bacardi, Black","95.18","2021-07-14"
"Rum - Dark, Bacardi, Black","97.27","2021-07-14"
"Cheese - Cheddar With Claret","81.47","2020-06-16"
"Hickory Smoke, Liquid","29.17","2020-06-13"
"Hickory Smoke, Liquid","5.23","2020-06-13"
"Plate Pie Foil","80.5","2022-09-02"
"Cheese - Cheddar, Mild","29.87","2019-05-02"
"Mushroom - Chanterelle, Dry","69.86","2022-07-22"
"Mushroom - Chanterelle, Dry","30.31","2022-07-22"
"Shopper Bag - S - 4","6.54","2019-04-16"
"Beans - Kidney, Red Dry","96.45","2021-02-27"
"Grouper - Fresh","83.41","2023-03-02"
"Grouper - Fresh","61.4","2023-03-02"
"Foam Espresso Cup Plain White","10.49","2023-10-27"
"Foam Espresso Cup Plain White","61.54","2023-10-27"
"Cookies - Oreo, 4 Pack","30.41","2019-03-22"
"Cookies - Oreo, 4 Pack","87.1","2019-03-22"
"Wine - Magnotta - Cab Franc","49.99","2019-09-30"
"Browning Caramel Glace","79.21","2019-07-27"
"Browning Caramel Glace","71.04","2019-07-27"
"Island Oasis - Mango Daiquiri","48.82","2020-02-17"
"Island Oasis - Mango Daiquiri","78.01","2020-02-17"
"Island Oasis - Mango Daiquiri","86.28","2020-02-17"
"Island Oasis - Mango Daiquiri","6.7","2020-02-17"
"Boogies","2.93","2019-09-25"
"Boogies","36","2019-09-25"
"Juice - Mango","47.87","2021-05-14"
"Juice - Mango","64.3","2021-05-14"
"Pasta - Orecchiette","36.39","2022-12-31"
"Pasta - Penne Primavera, Single","78.78","2021-01-16"
"Water - Aquafina Vitamin","86.51","2019-06-12"
"Tart - Pecan Butter Squares","63.9","2020-08-30"
"Tart - Pecan Butter Squares","10.79","2020-08-30"
"Butter Ripple - Phillips","34.08","2023-03-12"
"Pepsi - Diet, 355 Ml","91.91","2020-08-16"
"Pepsi - Diet, 355 Ml","65.26","2020-08-16"
"Doilies - 8, Paper","91.01","2023-05-30"
"Wine - Red, Gallo, Merlot","89.22","2021-01-19"
"Lamb - Loin Chops","15.38","2021-06-27"
"Lamb - Loin Chops","95.36","2021-06-27"
"Lamb - Loin Chops","67.36","2021-06-27"
"Lamb - Loin Chops","3.44","2021-06-27"
"Lamb - Loin Chops","67.22","2021-06-27"
"Extract - Rum","10.89","2022-10-02"
"Brocolinni - Gaylan, Chinese","64.87","2022-02-21"
"Crab Brie In Phyllo","82.26","2022-03-18"
"Crab Brie In Phyllo","25.45","2022-03-18"
"Tuna - Yellowfin","85.3","2019-06-22"
"Celery Root","65.17","2021-07-19"
"Lamb - Whole Head Off,nz","50.4","2022-05-11"
"Lamb - Whole Head Off,nz","76.63","2022-05-11"
"Steampan - Half Size Shallow","75.74","2021-07-13"
"Steampan - Half Size Shallow","52.84","2021-07-13"
"Tea - Lemon Scented","72.41","2020-02-20"
"Flavouring - Rum","66.87","2023-10-02"
"Flavouring - Rum","58.92","2023-10-02"
"Flavouring - Rum","81.89","2023-10-02"
"Pasta - Fettuccine, Dry","38.07","2020-07-28"
"Macaroons - Homestyle Two Bit","39.78","2019-12-20"
"Paper - Brown Paper Mini Cups","86.52","2020-05-27"
"Oil - Shortening - All - Purpose","77.16","2022-12-03"
"Oil - Shortening - All - Purpose","10.31","2022-12-03"
"Banana","43.03","2019-05-10"
"Banana","75.88","2019-05-10"
"The Pop Shoppe - Grape","27.92","2023-07-16"
"The Pop Shoppe - Grape","77.44","2023-07-16"
"Apples - Sliced / Wedge","18.09","2019-02-25"
"Pasta - Orecchiette","36.39","2019-02-06"
"Oil - Canola","46.57","2023-05-24"
"Oil - Canola","6.47","2023-05-24"
"Extract - Vanilla,artificial","75.34","2020-05-05"
"Lamb - Whole Head Off,nz","50.4","2021-03-09"
"Lamb - Whole Head Off,nz","76.63","2021-03-09"
"Bread - Mini Hamburger Bun","88.47","2021-09-24"
"Bread - Mini Hamburger Bun","48.28","2021-09-24"
"Lotus Root","10.09","2020-11-10"
"Lotus Root","91.67","2020-11-10"
"Mousse - Mango","25.44","2019-11-08"
"Mousse - Mango","61.14","2019-11-08"
"Mousse - Mango","70.8","2019-11-08"
