Suma de cantidad_entrada;Etiquetas de columna;;;;;
Etiquetas de fila;2019;2020;2021;2022;2023;Total general
Chocolate - Liqueur Cups With Foil;;;107;;107;214
ago;;;;;107;107
dic;;;107;;;107
Chocolate - Milk, Callets;;;268;134;134;536
ene;;;;;134;134
feb;;;134;134;;268
jul;;;134;;;134
Chocolate - Pistoles, Lactee, Milk;162;81;81;81;81;486
feb;;;;;81;81
may;;81;81;;;162
oct;81;;;81;;162
nov;81;;;;;81
Fond - Chocolate;123;;65;123;;311
jun;123;;65;;;188
nov;;;;123;;123
Godiva White Chocolate;81;;;;;81
mar;81;;;;;81
Milk - Chocolate 500ml;94;;;;;94
mar;94;;;;;94
Truffle Shells - White Chocolate;87;;;;;87
sep;87;;;;;87
Total general;547;81;521;338;322;1809
