"nom_producto","cantidad_entrada","fecha_devoluciones"
"Chocolate - Liqueur Cups With Foil","18.91","2023-08-02"
"Chocolate - Liqueur Cups With Foil","89.9","2023-08-02"
"Chocolate - Pistoles, Lactee, Milk","81.55","2019-10-20"
"Milk - Chocolate 500ml","94.45","2019-03-06"
"Fond - Chocolate","80.5","2022-11-21"
"Fond - Chocolate","43","2022-11-21"
"Fond - Chocolate","80.5","2019-06-30"
"Fond - Chocolate","43","2019-06-30"
"Chocolate - Milk, Callets","74.02","2022-02-10"
"Chocolate - Milk, Callets","60.07","2022-02-10"
"Chocolate - Pistoles, Lactee, Milk","81.55","2019-11-04"
"Godiva White Chocolate","81.49","2019-03-14"
"Chocolate - Pistoles, Lactee, Milk","81.55","2022-10-11"
"Chocolate - Pistoles, Lactee, Milk","81.55","2020-05-31"
"Fond - Chocolate","12.73","2021-06-21"
"Fond - Chocolate","53.22","2021-06-21"
"Chocolate - Pistoles, Lactee, Milk","81.55","2021-05-28"
"Chocolate - Liqueur Cups With Foil","18.91","2021-12-09"
"Chocolate - Liqueur Cups With Foil","89.9","2021-12-09"
"Chocolate - Milk, Callets","74.02","2023-01-31"
"Chocolate - Milk, Callets","60.07","2023-01-31"
"Chocolate - Pistoles, Lactee, Milk","81.55","2023-02-04"
"Truffle Shells - White Chocolate","87.73","2019-09-03"
"Chocolate - Milk, Callets","74.02","2021-02-03"
"Chocolate - Milk, Callets","60.07","2021-02-03"
"Chocolate - Milk, Callets","74.02","2021-07-26"
"Chocolate - Milk, Callets","60.07","2021-07-26"
